timestamp,interval_ms,mode,run_type,run_index,benchmark_elapsed_ms,benchmark_throughput_ops_sec,runtime_cpu_percent,runtime_rss_kb,discovery_scans,discovery_total_us,discovery_mean_us,runtime_cycle_total_us,status,notes
2026-08-20T15:14:11Z,50,BASELINE,WARMUP,1,1200.180,15794542.316,NA,NA,NA,NA,NA,NA,MEASURED,
2026-08-20T15:14:12Z,50,INTEGRATED,WARMUP,1,1200.154,14856335.975,66.973,4468.000,14.000,796772.783,56912.342,1222863.606,MEASURED,
2026-08-20T15:14:14Z,50,BASELINE,WARMUP,2,1200.834,15491746.242,NA,NA,NA,NA,NA,NA,MEASURED,
2026-08-20T15:14:15Z,50,INTEGRATED,WARMUP,2,1200.311,14827949.465,66.422,4840.000,15.000,769034.581,51268.972,1220299.490,MEASURED,
2026-08-20T15:14:16Z,50,BASELINE,WARMUP,3,1200.123,15928390.502,NA,NA,NA,NA,NA,NA,MEASURED,
2026-08-20T15:14:17Z,50,INTEGRATED,WARMUP,3,1200.169,14709394.787,68.402,4724.000,15.000,820507.383,54700.492,1255131.188,MEASURED,
2026-08-20T15:14:18Z,50,BASELINE,WARMUP,4,1200.137,15888953.188,NA,NA,NA,NA,NA,NA,MEASURED,
2026-08-20T15:14:20Z,50,INTEGRATED,WARMUP,4,1200.834,14133327.090,68.254,4964.000,15.000,828468.735,55231.249,1261286.743,MEASURED,
2026-08-20T15:14:21Z,50,BASELINE,WARMUP,5,1200.243,14985762.224,NA,NA,NA,NA,NA,NA,MEASURED,
2026-08-20T15:14:22Z,50,INTEGRATED,WARMUP,5,1200.158,14546562.412,68.995,4828.000,14.000,816375.247,58312.518,1245524.281,MEASURED,
2026-08-20T15:14:23Z,50,BASELINE,MEASURED,1,1200.713,15303116.166,NA,NA,NA,NA,NA,NA,MEASURED,
2026-08-20T15:14:25Z,50,INTEGRATED,MEASURED,1,1200.135,13893268.548,68.551,4888.000,14.000,851300.207,60807.158,1276363.600,MEASURED,
2026-08-20T15:14:26Z,50,BASELINE,MEASURED,2,1200.135,15880447.508,NA,NA,NA,NA,NA,NA,MEASURED,
2026-08-20T15:14:27Z,50,INTEGRATED,MEASURED,2,1200.121,14349061.955,67.427,4820.000,15.000,816537.077,54435.805,1253871.552,MEASURED,
2026-08-20T15:14:29Z,50,BASELINE,MEASURED,3,1200.277,16066270.942,NA,NA,NA,NA,NA,NA,MEASURED,
2026-08-20T15:14:30Z,50,INTEGRATED,MEASURED,3,1200.307,14978137.120,69.916,4856.000,14.000,830820.603,59344.329,1255670.381,MEASURED,
2026-08-20T15:14:31Z,50,BASELINE,MEASURED,4,1200.244,15582111.988,NA,NA,NA,NA,NA,NA,MEASURED,
2026-08-20T15:14:32Z,50,INTEGRATED,MEASURED,4,1200.150,14307758.113,67.733,4704.000,15.000,809498.601,53966.573,1250584.368,MEASURED,
2026-08-20T15:14:34Z,50,BASELINE,MEASURED,5,1200.209,16154198.653,NA,NA,NA,NA,NA,NA,MEASURED,
2026-08-20T15:14:35Z,50,INTEGRATED,MEASURED,5,1200.567,15079802.660,67.927,4816.000,15.000,837950.553,55863.370,1277074.013,MEASURED,
2026-08-20T15:14:37Z,100,BASELINE,WARMUP,1,1200.195,15428321.390,NA,NA,NA,NA,NA,NA,MEASURED,
2026-08-20T15:14:38Z,100,INTEGRATED,WARMUP,1,1200.136,13899224.454,50.430,4960.000,11.000,599771.310,54524.665,1246730.663,MEASURED,Error: target PID 227086 is unavailable for one sample.
2026-08-20T15:14:39Z,100,BASELINE,WARMUP,2,1200.216,15678880.575,NA,NA,NA,NA,NA,NA,MEASURED,
2026-08-20T15:14:41Z,100,INTEGRATED,WARMUP,2,1200.209,15068094.861,56.043,4776.000,11.000,655490.347,59590.032,1247146.038,MEASURED,
2026-08-20T15:14:42Z,100,BASELINE,WARMUP,3,1200.224,15878429.256,NA,NA,NA,NA,NA,NA,MEASURED,
2026-08-20T15:14:43Z,100,INTEGRATED,WARMUP,3,1200.227,15079814.847,52.594,4656.000,11.000,639998.608,58181.692,1254362.572,MEASURED,
2026-08-20T15:14:44Z,100,BASELINE,WARMUP,4,1200.179,15780893.130,NA,NA,NA,NA,NA,NA,MEASURED,
2026-08-20T15:14:46Z,100,INTEGRATED,WARMUP,4,1200.992,15604801.756,51.068,4696.000,11.000,576355.245,52395.931,1228791.085,MEASURED,
2026-08-20T15:14:47Z,100,BASELINE,WARMUP,5,1200.277,15398262.545,NA,NA,NA,NA,NA,NA,MEASURED,
2026-08-20T15:14:48Z,100,INTEGRATED,WARMUP,5,1201.275,15418716.267,51.288,4704.000,11.000,608949.451,55359.041,1261228.468,MEASURED,
2026-08-20T15:14:49Z,100,BASELINE,MEASURED,1,1200.184,15589715.438,NA,NA,NA,NA,NA,NA,MEASURED,
2026-08-20T15:14:51Z,100,INTEGRATED,MEASURED,1,1200.171,15135972.207,49.010,4724.000,11.000,584682.259,53152.933,1259451.121,MEASURED,
2026-08-20T15:14:52Z,100,BASELINE,MEASURED,2,1201.089,15847374.743,NA,NA,NA,NA,NA,NA,MEASURED,
2026-08-20T15:14:53Z,100,INTEGRATED,MEASURED,2,1200.429,15339151.153,48.762,4896.000,11.000,550657.468,50059.770,1226563.479,MEASURED,
2026-08-20T15:14:54Z,100,BASELINE,MEASURED,3,1200.208,15448629.458,NA,NA,NA,NA,NA,NA,MEASURED,
2026-08-20T15:14:56Z,100,INTEGRATED,MEASURED,3,1200.248,12772617.640,54.448,4832.000,11.000,704630.556,64057.323,1262621.485,MEASURED,
2026-08-20T15:14:57Z,100,BASELINE,MEASURED,4,1201.019,15140640.381,NA,NA,NA,NA,NA,NA,MEASURED,
2026-08-20T15:14:58Z,100,INTEGRATED,MEASURED,4,1200.133,13539193.089,45.738,4704.000,11.000,540077.600,49097.964,1238678.551,MEASURED,
2026-08-20T15:14:59Z,100,BASELINE,MEASURED,5,1200.212,15848714.923,NA,NA,NA,NA,NA,NA,MEASURED,
2026-08-20T15:15:01Z,100,INTEGRATED,MEASURED,5,1200.602,14900252.314,55.416,4632.000,11.000,658316.147,59846.922,1263691.424,MEASURED,
2026-08-20T15:15:03Z,250,BASELINE,WARMUP,1,1200.199,15747360.964,NA,NA,NA,NA,NA,NA,MEASURED,
2026-08-20T15:15:04Z,250,INTEGRATED,WARMUP,1,1200.139,15185012.391,28.639,4692.000,5.000,308664.528,61732.906,1222951.998,MEASURED,
2026-08-20T15:15:05Z,250,BASELINE,WARMUP,2,1200.332,16296714.514,NA,NA,NA,NA,NA,NA,MEASURED,
2026-08-20T15:15:06Z,250,INTEGRATED,WARMUP,2,1200.141,15018614.215,28.583,4832.000,5.000,303421.829,60684.366,1222413.120,MEASURED,
2026-08-20T15:15:08Z,250,BASELINE,WARMUP,3,1200.228,15723090.661,NA,NA,NA,NA,NA,NA,MEASURED,
2026-08-20T15:15:09Z,250,INTEGRATED,WARMUP,3,1200.141,14772881.841,28.652,4596.000,5.000,296855.829,59371.166,1220789.558,MEASURED,
2026-08-20T15:15:10Z,250,BASELINE,WARMUP,4,1200.136,15752454.879,NA,NA,NA,NA,NA,NA,MEASURED,
2026-08-20T15:15:11Z,250,INTEGRATED,WARMUP,4,1200.400,12516787.185,28.979,4832.000,5.000,329193.661,65838.732,1239221.920,MEASURED,
2026-08-20T15:15:13Z,250,BASELINE,WARMUP,5,1200.188,13592320.823,NA,NA,NA,NA,NA,NA,MEASURED,
2026-08-20T15:15:14Z,250,INTEGRATED,WARMUP,5,1201.343,15004431.769,26.009,4832.000,5.000,263873.958,52774.792,1229385.280,MEASURED,
2026-08-20T15:15:15Z,250,BASELINE,MEASURED,1,1200.667,15663616.824,NA,NA,NA,NA,NA,NA,MEASURED,
2026-08-20T15:15:16Z,250,INTEGRATED,MEASURED,1,1200.146,15554378.495,27.563,4820.000,5.000,300827.487,60165.497,1233593.701,MEASURED,
2026-08-20T15:15:18Z,250,BASELINE,MEASURED,2,1200.136,15327543.939,NA,NA,NA,NA,NA,NA,MEASURED,
2026-08-20T15:15:19Z,250,INTEGRATED,MEASURED,2,1200.207,14660293.783,27.865,4692.000,5.000,316277.726,63255.545,1220136.898,MEASURED,
2026-08-20T15:15:20Z,250,BASELINE,MEASURED,3,1201.140,15420441.472,NA,NA,NA,NA,NA,NA,MEASURED,
2026-08-20T15:15:21Z,250,INTEGRATED,MEASURED,3,1200.167,15234147.736,26.026,4832.000,5.000,290093.658,58018.732,1229611.230,MEASURED,
2026-08-20T15:15:23Z,250,BASELINE,MEASURED,4,1200.584,15335474.708,NA,NA,NA,NA,NA,NA,MEASURED,
2026-08-20T15:15:24Z,250,INTEGRATED,MEASURED,4,1200.189,16962454.916,27.279,4900.000,5.000,293320.724,58664.145,1242206.987,MEASURED,
2026-08-20T15:15:25Z,250,BASELINE,MEASURED,5,1200.205,18427998.519,NA,NA,NA,NA,NA,NA,MEASURED,
2026-08-20T15:15:26Z,250,INTEGRATED,MEASURED,5,1200.114,18492531.180,23.581,4896.000,5.000,232405.656,46481.131,1226352.286,MEASURED,
2026-08-20T15:15:29Z,500,BASELINE,WARMUP,1,1200.142,18275387.674,NA,NA,NA,NA,NA,NA,MEASURED,
2026-08-20T15:15:30Z,500,INTEGRATED,WARMUP,1,1200.409,18157013.119,15.345,5084.000,3.000,130650.729,43550.243,1234715.303,MEASURED,
2026-08-20T15:15:32Z,500,BASELINE,WARMUP,2,1200.165,16567750.838,NA,NA,NA,NA,NA,NA,MEASURED,
2026-08-20T15:15:33Z,500,INTEGRATED,WARMUP,2,1200.132,18182535.315,15.432,4632.000,3.000,135368.097,45122.699,1231336.939,MEASURED,
2026-08-20T15:15:34Z,500,BASELINE,WARMUP,3,1200.149,18741146.528,NA,NA,NA,NA,NA,NA,MEASURED,
2026-08-20T15:15:35Z,500,INTEGRATED,WARMUP,3,1200.239,18592129.987,15.295,4892.000,3.000,146912.778,48970.926,1239680.331,MEASURED,
2026-08-20T15:15:37Z,500,BASELINE,WARMUP,4,1200.153,18729125.591,NA,NA,NA,NA,NA,NA,MEASURED,
2026-08-20T15:15:38Z,500,INTEGRATED,WARMUP,4,1200.149,18844374.016,17.155,4692.000,3.000,152441.113,50813.704,1219360.644,MEASURED,
2026-08-20T15:15:39Z,500,BASELINE,WARMUP,5,1200.149,19084990.853,NA,NA,NA,NA,NA,NA,MEASURED,
2026-08-20T15:15:40Z,500,INTEGRATED,WARMUP,5,1200.146,18892203.330,14.648,4696.000,3.000,133662.114,44554.038,1224469.941,MEASURED,
2026-08-20T15:15:41Z,500,BASELINE,MEASURED,1,1200.178,18825153.626,NA,NA,NA,NA,NA,NA,MEASURED,
2026-08-20T15:15:43Z,500,INTEGRATED,MEASURED,1,1200.205,18410085.845,15.365,4776.000,3.000,139354.436,46451.479,1233114.700,MEASURED,
2026-08-20T15:15:44Z,500,BASELINE,MEASURED,2,1200.189,19022928.121,NA,NA,NA,NA,NA,NA,MEASURED,
2026-08-20T15:15:45Z,500,INTEGRATED,MEASURED,2,1200.171,18450706.230,13.785,4568.000,3.000,114458.132,38152.711,1232055.081,MEASURED,
2026-08-20T15:15:46Z,500,BASELINE,MEASURED,3,1200.321,19184621.239,NA,NA,NA,NA,NA,NA,MEASURED,
2026-08-20T15:15:48Z,500,INTEGRATED,MEASURED,3,1200.125,18885709.953,14.710,4688.000,3.000,129772.426,43257.475,1220903.253,MEASURED,
2026-08-20T15:15:49Z,500,BASELINE,MEASURED,4,1200.267,19076293.595,NA,NA,NA,NA,NA,NA,MEASURED,
2026-08-20T15:15:50Z,500,INTEGRATED,MEASURED,4,1200.245,18495635.153,13.771,4700.000,3.000,114385.602,38128.534,1233168.217,MEASURED,
2026-08-20T15:15:51Z,500,BASELINE,MEASURED,5,1200.210,18096038.426,NA,NA,NA,NA,NA,NA,MEASURED,
2026-08-20T15:15:53Z,500,INTEGRATED,MEASURED,5,1200.188,16617773.732,17.783,4812.000,3.000,157947.917,52649.306,1234817.721,MEASURED,
2026-08-20T15:15:57Z,1000,BASELINE,WARMUP,1,1200.296,18911173.873,NA,NA,NA,NA,NA,NA,MEASURED,
2026-08-20T15:15:58Z,1000,INTEGRATED,WARMUP,1,1200.225,19004432.061,10.458,4832.000,2.000,69867.987,34933.993,1241393.806,MEASURED,
2026-08-20T15:15:59Z,1000,BASELINE,WARMUP,2,1200.214,18924409.069,NA,NA,NA,NA,NA,NA,MEASURED,
2026-08-20T15:16:00Z,1000,INTEGRATED,WARMUP,2,1200.230,17931066.128,13.683,4832.000,2.000,113292.814,56646.407,1240570.824,MEASURED,
2026-08-20T15:16:02Z,1000,BASELINE,WARMUP,3,1200.208,18549959.506,NA,NA,NA,NA,NA,NA,MEASURED,
2026-08-20T15:16:03Z,1000,INTEGRATED,WARMUP,3,1200.142,18662757.608,11.405,4664.000,2.000,83613.877,41806.939,1227256.787,MEASURED,
2026-08-20T15:16:04Z,1000,BASELINE,WARMUP,4,1200.190,18346323.101,NA,NA,NA,NA,NA,NA,MEASURED,
2026-08-20T15:16:05Z,1000,INTEGRATED,WARMUP,4,1200.161,18099334.750,12.902,4836.000,2.000,92042.226,46021.113,1239097.987,MEASURED,
2026-08-20T15:16:07Z,1000,BASELINE,WARMUP,5,1200.116,18501043.536,NA,NA,NA,NA,NA,NA,MEASURED,
2026-08-20T15:16:08Z,1000,INTEGRATED,WARMUP,5,1200.167,17623150.529,12.113,4772.000,2.000,90630.448,45315.224,1234884.313,MEASURED,
2026-08-20T15:16:09Z,1000,BASELINE,MEASURED,1,1200.255,18608106.585,NA,NA,NA,NA,NA,NA,MEASURED,
2026-08-20T15:16:10Z,1000,INTEGRATED,MEASURED,1,1200.202,17530484.316,12.299,4832.000,2.000,97917.094,48958.547,1216030.792,MEASURED,
2026-08-20T15:16:12Z,1000,BASELINE,MEASURED,2,1200.206,18633603.762,NA,NA,NA,NA,NA,NA,MEASURED,
2026-08-20T15:16:13Z,1000,INTEGRATED,MEASURED,2,1200.129,17819095.479,13.779,4832.000,2.000,105173.760,52586.880,1231000.033,MEASURED,
2026-08-20T15:16:14Z,1000,BASELINE,MEASURED,3,1200.185,18544339.258,NA,NA,NA,NA,NA,NA,MEASURED,
2026-08-20T15:16:15Z,1000,INTEGRATED,MEASURED,3,1200.145,18260837.423,11.353,4708.000,2.000,85286.532,42643.266,1234438.414,MEASURED,
2026-08-20T15:16:17Z,1000,BASELINE,MEASURED,4,1200.266,18243628.516,NA,NA,NA,NA,NA,NA,MEASURED,
2026-08-20T15:16:18Z,1000,INTEGRATED,MEASURED,4,1200.140,18137188.228,11.362,4704.000,2.000,84274.269,42137.135,1230858.132,MEASURED,
2026-08-20T15:16:19Z,1000,BASELINE,MEASURED,5,1200.123,18212536.418,NA,NA,NA,NA,NA,NA,MEASURED,
2026-08-20T15:16:20Z,1000,INTEGRATED,MEASURED,5,1200.210,18427921.258,13.142,4832.000,2.000,94872.551,47436.276,1216410.151,MEASURED,
