interval_ms,mode,metric,count,mean,median,min,max,stddev,status
50,BASELINE,benchmark_elapsed_ms,5,1200.316,1200.244,1200.135,1200.713,0.228,MEASURED
50,BASELINE,benchmark_throughput_ops_sec,5,15797229.051,15880447.508,15303116.166,16154198.653,352547.529,MEASURED
50,BASELINE,runtime_cpu_percent,0,NA,NA,NA,NA,NA,UNAVAILABLE
50,BASELINE,runtime_rss_kb,0,NA,NA,NA,NA,NA,UNAVAILABLE
50,BASELINE,discovery_scans,0,NA,NA,NA,NA,NA,UNAVAILABLE
50,BASELINE,discovery_total_us,0,NA,NA,NA,NA,NA,UNAVAILABLE
50,BASELINE,discovery_mean_us,0,NA,NA,NA,NA,NA,UNAVAILABLE
50,BASELINE,runtime_cycle_total_us,0,NA,NA,NA,NA,NA,UNAVAILABLE
50,INTEGRATED,benchmark_elapsed_ms,5,1200.256,1200.150,1200.121,1200.567,0.189,MEASURED
50,INTEGRATED,benchmark_throughput_ops_sec,5,14521605.679,14349061.955,13893268.548,15079802.660,497572.732,MEASURED
50,INTEGRATED,runtime_cpu_percent,5,68.311,67.927,67.427,69.916,0.987,MEASURED
50,INTEGRATED,runtime_rss_kb,5,4816.800,4820.000,4704.000,4888.000,69.536,MEASURED
50,INTEGRATED,discovery_scans,5,14.600,15.000,14.000,15.000,0.548,MEASURED
50,INTEGRATED,discovery_total_us,5,829221.408,830820.603,809498.601,851300.207,16704.117,MEASURED
50,INTEGRATED,discovery_mean_us,5,56883.447,55863.370,53966.573,60807.158,3041.016,MEASURED
50,INTEGRATED,runtime_cycle_total_us,5,1262712.783,1255670.381,1250584.368,1277074.013,12917.536,MEASURED
100,BASELINE,benchmark_elapsed_ms,5,1200.542,1200.212,1200.184,1201.089,0.468,MEASURED
100,BASELINE,benchmark_throughput_ops_sec,5,15575014.989,15589715.438,15140640.381,15848714.923,297473.610,MEASURED
100,BASELINE,runtime_cpu_percent,0,NA,NA,NA,NA,NA,UNAVAILABLE
100,BASELINE,runtime_rss_kb,0,NA,NA,NA,NA,NA,UNAVAILABLE
100,BASELINE,discovery_scans,0,NA,NA,NA,NA,NA,UNAVAILABLE
100,BASELINE,discovery_total_us,0,NA,NA,NA,NA,NA,UNAVAILABLE
100,BASELINE,discovery_mean_us,0,NA,NA,NA,NA,NA,UNAVAILABLE
100,BASELINE,runtime_cycle_total_us,0,NA,NA,NA,NA,NA,UNAVAILABLE
100,INTEGRATED,benchmark_elapsed_ms,5,1200.317,1200.248,1200.133,1200.602,0.196,MEASURED
100,INTEGRATED,benchmark_throughput_ops_sec,5,14337437.281,14900252.314,12772617.640,15339151.153,1122909.588,MEASURED
100,INTEGRATED,runtime_cpu_percent,5,50.675,49.010,45.738,55.416,4.108,MEASURED
100,INTEGRATED,runtime_rss_kb,5,4757.600,4724.000,4632.000,4896.000,105.436,MEASURED
100,INTEGRATED,discovery_scans,5,11.000,11.000,11.000,11.000,0.000,MEASURED
100,INTEGRATED,discovery_total_us,5,607672.806,584682.259,540077.600,704630.556,71263.559,MEASURED
100,INTEGRATED,discovery_mean_us,5,55242.982,53152.933,49097.964,64057.323,6478.505,MEASURED
100,INTEGRATED,runtime_cycle_total_us,5,1250201.212,1259451.121,1226563.479,1263691.424,16683.255,MEASURED
250,BASELINE,benchmark_elapsed_ms,5,1200.546,1200.584,1200.136,1201.140,0.404,MEASURED
250,BASELINE,benchmark_throughput_ops_sec,5,16035015.092,15420441.472,15327543.939,18427998.519,1344607.682,MEASURED
250,BASELINE,runtime_cpu_percent,0,NA,NA,NA,NA,NA,UNAVAILABLE
250,BASELINE,runtime_rss_kb,0,NA,NA,NA,NA,NA,UNAVAILABLE
250,BASELINE,discovery_scans,0,NA,NA,NA,NA,NA,UNAVAILABLE
250,BASELINE,discovery_total_us,0,NA,NA,NA,NA,NA,UNAVAILABLE
250,BASELINE,discovery_mean_us,0,NA,NA,NA,NA,NA,UNAVAILABLE
250,BASELINE,runtime_cycle_total_us,0,NA,NA,NA,NA,NA,UNAVAILABLE
250,INTEGRATED,benchmark_elapsed_ms,5,1200.165,1200.167,1200.114,1200.207,0.036,MEASURED
250,INTEGRATED,benchmark_throughput_ops_sec,5,16180761.222,15554378.495,14660293.783,18492531.180,1545604.980,MEASURED
250,INTEGRATED,runtime_cpu_percent,5,26.463,27.279,23.581,27.865,1.756,MEASURED
250,INTEGRATED,runtime_rss_kb,5,4828.000,4832.000,4692.000,4900.000,84.238,MEASURED
250,INTEGRATED,discovery_scans,5,5.000,5.000,5.000,5.000,0.000,MEASURED
250,INTEGRATED,discovery_total_us,5,286585.050,293320.724,232405.656,316277.726,31927.999,MEASURED
250,INTEGRATED,discovery_mean_us,5,57317.010,58664.145,46481.131,63255.545,6385.600,MEASURED
250,INTEGRATED,runtime_cycle_total_us,5,1230380.220,1229611.230,1220136.898,1242206.987,8245.304,MEASURED
500,BASELINE,benchmark_elapsed_ms,5,1200.233,1200.210,1200.178,1200.321,0.060,MEASURED
500,BASELINE,benchmark_throughput_ops_sec,5,18841007.001,19022928.121,18096038.426,19184621.239,436392.979,MEASURED
500,BASELINE,runtime_cpu_percent,0,NA,NA,NA,NA,NA,UNAVAILABLE
500,BASELINE,runtime_rss_kb,0,NA,NA,NA,NA,NA,UNAVAILABLE
500,BASELINE,discovery_scans,0,NA,NA,NA,NA,NA,UNAVAILABLE
500,BASELINE,discovery_total_us,0,NA,NA,NA,NA,NA,UNAVAILABLE
500,BASELINE,discovery_mean_us,0,NA,NA,NA,NA,NA,UNAVAILABLE
500,BASELINE,runtime_cycle_total_us,0,NA,NA,NA,NA,NA,UNAVAILABLE
500,INTEGRATED,benchmark_elapsed_ms,5,1200.187,1200.188,1200.125,1200.245,0.044,MEASURED
500,INTEGRATED,benchmark_throughput_ops_sec,5,18171982.183,18450706.230,16617773.732,18885709.953,889396.274,MEASURED
500,INTEGRATED,runtime_cpu_percent,5,15.083,14.710,13.771,17.783,1.652,MEASURED
500,INTEGRATED,runtime_rss_kb,5,4708.800,4700.000,4568.000,4812.000,94.208,MEASURED
500,INTEGRATED,discovery_scans,5,3.000,3.000,3.000,3.000,0.000,MEASURED
500,INTEGRATED,discovery_total_us,5,131183.703,129772.426,114385.602,157947.917,18350.727,MEASURED
500,INTEGRATED,discovery_mean_us,5,43727.901,43257.475,38128.534,52649.306,6116.909,MEASURED
500,INTEGRATED,runtime_cycle_total_us,5,1230811.794,1233114.700,1220903.253,1234817.721,5626.467,MEASURED
1000,BASELINE,benchmark_elapsed_ms,5,1200.207,1200.206,1200.123,1200.266,0.058,MEASURED
1000,BASELINE,benchmark_throughput_ops_sec,5,18448442.908,18544339.258,18212536.418,18633603.762,204067.359,MEASURED
1000,BASELINE,runtime_cpu_percent,0,NA,NA,NA,NA,NA,UNAVAILABLE
1000,BASELINE,runtime_rss_kb,0,NA,NA,NA,NA,NA,UNAVAILABLE
1000,BASELINE,discovery_scans,0,NA,NA,NA,NA,NA,UNAVAILABLE
1000,BASELINE,discovery_total_us,0,NA,NA,NA,NA,NA,UNAVAILABLE
1000,BASELINE,discovery_mean_us,0,NA,NA,NA,NA,NA,UNAVAILABLE
1000,BASELINE,runtime_cycle_total_us,0,NA,NA,NA,NA,NA,UNAVAILABLE
1000,INTEGRATED,benchmark_elapsed_ms,5,1200.165,1200.145,1200.129,1200.210,0.038,MEASURED
1000,INTEGRATED,benchmark_throughput_ops_sec,5,18035105.341,18137188.228,17530484.316,18427921.258,359507.605,MEASURED
1000,INTEGRATED,runtime_cpu_percent,5,12.387,12.299,11.353,13.779,1.076,MEASURED
1000,INTEGRATED,runtime_rss_kb,5,4781.600,4832.000,4704.000,4832.000,69.028,MEASURED
1000,INTEGRATED,discovery_scans,5,2.000,2.000,2.000,2.000,0.000,MEASURED
1000,INTEGRATED,discovery_total_us,5,93504.841,94872.551,84274.269,105173.760,8806.906,MEASURED
1000,INTEGRATED,discovery_mean_us,5,46752.421,47436.276,42137.135,52586.880,4403.453,MEASURED
1000,INTEGRATED,runtime_cycle_total_us,5,1225747.504,1230858.132,1216030.792,1234438.414,8815.330,MEASURED
