timestamp,run_id,workload,mode,run_type,run_index,threads,memory_mb,iterations,seed,benchmark_pid,app_id,benchmark_elapsed_ms,benchmark_throughput_ops_sec,benchmark_cpu_percent,benchmark_rss_kb,runtime_cpu_percent,runtime_rss_kb,runtime_vms_kb,runtime_cycle_count,runtime_cycle_total_us,discovery_us,scheduler_or_runtime_scan_us,queue_wait_us,queue_depth_mean,queue_depth_max,jobs_submitted,jobs_executed,jobs_deferred,queue_saturation_events,worker_execution_us,phase3_us,pipeline_serial_wait_us,phase4_us,phase5_us,phase6_us,coordinator_overhead_us,completion_latency_us,pipeline_statuses,status,notes,runtime_cpu_peak_percent,discovery_scan_count,discovery_total_us
2026-09-02T10:52:39Z,final-single-sequential-warmup-1-baseline,sequential,BASELINE,WARMUP,1,2,8,1000000,12345,387015,NA,38.351,52149700.589,156.429,9892.000,NA,NA,NA,NA,NA,NA,NA,NA,NA,NA,NA,NA,NA,NA,NA,NA,NA,NA,NA,NA,NA,NA,NOT_RUN,WARMUP,,NA,0,NA
2026-09-02T10:52:40Z,final-single-sequential-warmup-1-integrated,sequential,INTEGRATED,WARMUP,1,2,8,1000000,12345,387018,APP_387018_68291454,39.085,51170812.471,162.922,9960.000,12.981,5520.000,155980.000,1,1000519.947,29435.601,3.434,71.778,0.000,0.000,2,1,0,0,347.002,345.136,NA,NA,NA,NA,NA,438.180,TARGET_GONE:1,WARMUP,Error: target PID 387018 is unavailable for one sample.,440.147,4,117742.402
2026-09-02T10:52:41Z,final-single-sequential-warmup-2-integrated,sequential,INTEGRATED,WARMUP,2,2,8,1000000,12345,387027,APP_387027_68291555,100.386,19923135.545,174.790,10024.000,16.764,5596.000,155980.000,1,1011358.080,36820.514,4.107,74.780,0.000,0.000,2,1,0,0,1049.434,1045.580,NA,NA,NA,NA,NA,1170.512,TARGET_GONE:1,WARMUP,Error: target PID 387027 is unavailable for one sample.,779.819,4,147282.056
2026-09-02T10:52:41Z,final-single-sequential-warmup-2-baseline,sequential,BASELINE,WARMUP,2,2,8,1000000,12345,387033,NA,110.404,18115229.227,182.427,10020.000,NA,NA,NA,NA,NA,NA,NA,NA,NA,NA,NA,NA,NA,NA,NA,NA,NA,NA,NA,NA,NA,NA,NOT_RUN,WARMUP,,NA,0,NA
2026-09-02T10:52:41Z,final-single-sequential-warmup-3-baseline,sequential,BASELINE,WARMUP,3,2,8,1000000,12345,387036,NA,109.390,18283234.281,182.295,10088.000,NA,NA,NA,NA,NA,NA,NA,NA,NA,NA,NA,NA,NA,NA,NA,NA,NA,NA,NA,NA,NA,NA,NOT_RUN,WARMUP,,NA,0,NA
2026-09-02T10:52:42Z,final-single-sequential-warmup-3-integrated,sequential,INTEGRATED,WARMUP,3,2,8,1000000,12345,387039,APP_387039_68291684,110.405,18115147.530,186.852,9956.000,18.455,6392.000,156928.000,1,1026026.871,39229.680,9.952,456.554,0.000,0.000,3,2,0,0,1647.349,1642.698,NA,NA,NA,NA,NA,2150.158,TARGET_GONE:1,WARMUP,Error: target PID 387039 is unavailable for one sample.,839.358,4,156918.721
2026-09-02T10:52:43Z,final-single-sequential-warmup-4-integrated,sequential,INTEGRATED,WARMUP,4,2,8,1000000,12345,387045,APP_387045_68291788,108.467,18438754.347,179.478,10024.000,17.620,6372.000,156928.000,1,1017493.426,37616.075,8.615,101.380,0.000,0.000,3,2,0,0,1069.702,1065.771,NA,NA,NA,NA,NA,1212.736,TARGET_GONE:1,WARMUP,Error: target PID 387045 is unavailable for one sample.,421.027,4,150464.299
2026-09-02T10:52:43Z,final-single-sequential-warmup-4-baseline,sequential,BASELINE,WARMUP,4,2,8,1000000,12345,387051,NA,109.022,18344858.447,177.264,9960.000,NA,NA,NA,NA,NA,NA,NA,NA,NA,NA,NA,NA,NA,NA,NA,NA,NA,NA,NA,NA,NA,NA,NOT_RUN,WARMUP,,NA,0,NA
2026-09-02T10:52:43Z,final-single-sequential-warmup-5-baseline,sequential,BASELINE,WARMUP,5,2,8,1000000,12345,387054,NA,107.230,18651438.866,180.183,9960.000,NA,NA,NA,NA,NA,NA,NA,NA,NA,NA,NA,NA,NA,NA,NA,NA,NA,NA,NA,NA,NA,NA,NOT_RUN,WARMUP,,NA,0,NA
2026-09-02T10:52:44Z,final-single-sequential-warmup-5-integrated,sequential,INTEGRATED,WARMUP,5,2,8,1000000,12345,387057,APP_387057_68291917,91.714,21806920.802,181.196,10024.000,17.562,5532.000,155980.000,1,1022496.323,39438.943,4.328,78.434,0.000,0.000,2,1,0,0,814.562,812.197,NA,NA,NA,NA,NA,919.043,TARGET_GONE:1,WARMUP,Error: target PID 387057 is unavailable for one sample.,424.274,4,157755.771
2026-09-02T10:52:45Z,final-single-sequential-measured-1-baseline,sequential,BASELINE,MEASURED,1,2,8,1000000,12345,387063,NA,114.383,17485176.336,176.597,10088.000,NA,NA,NA,NA,NA,NA,NA,NA,NA,NA,NA,NA,NA,NA,NA,NA,NA,NA,NA,NA,NA,NA,NOT_RUN,MEASURED,,NA,0,NA
2026-09-02T10:52:46Z,final-single-sequential-measured-1-integrated,sequential,INTEGRATED,MEASURED,1,2,8,1000000,12345,387066,APP_387066_68292035,108.063,18507763.626,180.809,10088.000,16.703,5472.000,155980.000,1,1013624.212,37247.510,4.903,96.936,0.000,0.000,2,1,0,0,1304.824,1299.772,NA,NA,NA,NA,NA,1443.961,TARGET_GONE:1,MEASURED,Error: target PID 387066 is unavailable for one sample.,421.545,4,148990.039
2026-09-02T10:52:47Z,final-single-sequential-measured-2-integrated,sequential,INTEGRATED,MEASURED,2,2,8,1000000,12345,387072,APP_387072_68292138,128.366,15580424.039,184.319,10336.000,17.553,6248.000,156928.000,1,1021818.003,39014.056,9.358,105.316,0.000,0.000,3,2,0,0,1264.215,1260.298,NA,NA,NA,NA,NA,1405.654,TARGET_GONE:1,MEASURED,Error: target PID 387072 is unavailable for one sample.,425.553,4,156056.225
2026-09-02T10:52:47Z,final-single-sequential-measured-2-baseline,sequential,BASELINE,MEASURED,2,2,8,1000000,12345,387078,NA,103.303,19360542.570,174.378,10024.000,NA,NA,NA,NA,NA,NA,NA,NA,NA,NA,NA,NA,NA,NA,NA,NA,NA,NA,NA,NA,NA,NA,NOT_RUN,MEASURED,,NA,0,NA
2026-09-02T10:52:47Z,final-single-sequential-measured-3-baseline,sequential,BASELINE,MEASURED,3,2,8,1000000,12345,387081,NA,113.873,17563401.858,174.121,10088.000,NA,NA,NA,NA,NA,NA,NA,NA,NA,NA,NA,NA,NA,NA,NA,NA,NA,NA,NA,NA,NA,NA,NOT_RUN,MEASURED,,NA,0,NA
2026-09-02T10:52:48Z,final-single-sequential-measured-3-integrated,sequential,INTEGRATED,MEASURED,3,2,8,1000000,12345,387084,APP_387084_68292268,107.624,18583213.057,174.619,10088.000,17.691,6284.000,156928.000,1,1014451.238,35979.812,8.904,100.541,0.000,0.000,3,2,0,0,1076.165,1072.793,NA,NA,NA,NA,NA,1209.411,TARGET_GONE:1,MEASURED,Error: target PID 387084 is unavailable for one sample.,437.417,4,143919.248
2026-09-02T10:52:49Z,final-single-sequential-measured-4-integrated,sequential,INTEGRATED,MEASURED,4,2,8,1000000,12345,387090,APP_387090_68292371,119.716,16706249.337,180.665,10088.000,18.915,6292.000,156928.000,1,1000895.911,39472.834,11.281,94.790,0.000,0.000,3,2,0,0,1285.340,1282.177,NA,NA,NA,NA,NA,1414.591,TARGET_GONE:1,MEASURED,Error: target PID 387090 is unavailable for one sample.,423.185,4,157891.337
2026-09-02T10:52:49Z,final-single-sequential-measured-4-baseline,sequential,BASELINE,MEASURED,4,2,8,1000000,12345,387096,NA,103.026,19412592.615,168.911,10088.000,NA,NA,NA,NA,NA,NA,NA,NA,NA,NA,NA,NA,NA,NA,NA,NA,NA,NA,NA,NA,NA,NA,NOT_RUN,MEASURED,,NA,0,NA
2026-09-02T10:52:49Z,final-single-sequential-measured-5-baseline,sequential,BASELINE,MEASURED,5,2,8,1000000,12345,387099,NA,99.280,20145045.944,177.139,10088.000,NA,NA,NA,NA,NA,NA,NA,NA,NA,NA,NA,NA,NA,NA,NA,NA,NA,NA,NA,NA,NA,NA,NOT_RUN,MEASURED,,NA,0,NA
2026-09-02T10:52:50Z,final-single-sequential-measured-5-integrated,sequential,INTEGRATED,MEASURED,5,2,8,1000000,12345,387102,APP_387102_68292497,95.024,21047351.795,178.228,10088.000,16.678,5488.000,155980.000,1,1016763.732,37693.537,5.313,109.535,0.000,0.000,2,1,0,0,1053.869,1049.963,NA,NA,NA,NA,NA,1200.877,TARGET_GONE:1,MEASURED,Error: target PID 387102 is unavailable for one sample.,430.875,4,150774.149
2026-09-02T10:52:50Z,final-single-random-warmup-1-baseline,random,BASELINE,WARMUP,1,2,8,1000000,12345,387108,NA,171.425,11666913.744,176.707,10216.000,NA,NA,NA,NA,NA,NA,NA,NA,NA,NA,NA,NA,NA,NA,NA,NA,NA,NA,NA,NA,NA,NA,NOT_RUN,WARMUP,,NA,0,NA
2026-09-02T10:52:51Z,final-single-random-warmup-1-integrated,random,INTEGRATED,WARMUP,1,2,8,1000000,12345,387111,APP_387111_68292619,152.748,13093429.927,181.599,10088.000,18.463,6364.000,156928.000,1,1026491.339,40036.006,8.237,96.655,0.000,0.000,3,2,0,0,1241.715,1237.894,NA,NA,NA,NA,NA,1377.712,TARGET_GONE:1,WARMUP,Error: target PID 387111 is unavailable for one sample.,425.039,4,160144.024
2026-09-02T10:52:52Z,final-single-random-warmup-2-integrated,random,INTEGRATED,WARMUP,2,2,8,1000000,12345,387117,APP_387117_68292723,175.388,11403271.608,182.439,10088.000,17.660,6256.000,156928.000,1,1016426.901,36710.465,9.462,102.374,0.000,0.000,3,2,0,0,1317.919,1314.325,NA,NA,NA,NA,NA,1459.867,TARGET_GONE:1,WARMUP,Error: target PID 387117 is unavailable for one sample.,429.879,4,146841.862
2026-09-02T10:52:53Z,final-single-random-warmup-2-baseline,random,BASELINE,WARMUP,2,2,8,1000000,12345,387123,NA,169.659,11788320.730,175.955,10088.000,NA,NA,NA,NA,NA,NA,NA,NA,NA,NA,NA,NA,NA,NA,NA,NA,NA,NA,NA,NA,NA,NA,NOT_RUN,WARMUP,,NA,0,NA
2026-09-02T10:52:53Z,final-single-random-warmup-3-baseline,random,BASELINE,WARMUP,3,2,8,1000000,12345,387126,NA,182.184,10977900.688,170.292,10280.000,NA,NA,NA,NA,NA,NA,NA,NA,NA,NA,NA,NA,NA,NA,NA,NA,NA,NA,NA,NA,NA,NA,NOT_RUN,WARMUP,,NA,0,NA
2026-09-02T10:52:54Z,final-single-random-warmup-3-integrated,random,INTEGRATED,WARMUP,3,2,8,1000000,12345,387129,APP_387129_68292867,167.675,11927830.541,189.369,10020.000,18.528,6280.000,156928.000,1,1020875.682,38104.613,7.989,80.621,0.000,0.000,3,2,0,0,1319.669,1315.732,NA,NA,NA,NA,NA,1433.114,TARGET_GONE:1,WARMUP,Error: target PID 387129 is unavailable for one sample.,421.833,4,152418.450
2026-09-02T10:52:55Z,final-single-random-warmup-4-integrated,random,INTEGRATED,WARMUP,4,2,8,1000000,12345,387135,APP_387135_68292971,181.971,10990764.501,188.304,10024.000,17.712,6264.000,156928.000,1,1012479.185,36565.948,8.614,87.693,0.000,0.000,3,2,0,0,1297.607,1293.386,NA,NA,NA,NA,NA,1425.702,TARGET_GONE:1,WARMUP,Error: target PID 387135 is unavailable for one sample.,424.146,4,146263.791
2026-09-02T10:52:55Z,final-single-random-warmup-4-baseline,random,BASELINE,WARMUP,4,2,8,1000000,12345,387141,NA,180.445,11083730.787,178.818,10088.000,NA,NA,NA,NA,NA,NA,NA,NA,NA,NA,NA,NA,NA,NA,NA,NA,NA,NA,NA,NA,NA,NA,NOT_RUN,WARMUP,,NA,0,NA
2026-09-02T10:52:55Z,final-single-random-warmup-5-baseline,random,BASELINE,WARMUP,5,2,8,1000000,12345,387144,NA,136.155,14689179.891,185.586,10088.000,NA,NA,NA,NA,NA,NA,NA,NA,NA,NA,NA,NA,NA,NA,NA,NA,NA,NA,NA,NA,NA,NA,NOT_RUN,WARMUP,,NA,0,NA
2026-09-02T10:52:56Z,final-single-random-warmup-5-integrated,random,INTEGRATED,WARMUP,5,2,8,1000000,12345,387147,APP_387147_68293109,95.569,20927343.329,179.125,10088.000,14.693,5388.000,155980.000,1,1017834.643,32761.375,2.536,59.638,0.000,0.000,2,1,0,0,425.683,424.181,NA,NA,NA,NA,NA,501.370,TARGET_GONE:1,WARMUP,Error: target PID 387147 is unavailable for one sample.,846.800,4,131045.501
2026-09-02T10:52:57Z,final-single-random-measured-1-baseline,random,BASELINE,MEASURED,1,2,8,1000000,12345,387153,NA,172.524,11592590.623,185.266,10024.000,NA,NA,NA,NA,NA,NA,NA,NA,NA,NA,NA,NA,NA,NA,NA,NA,NA,NA,NA,NA,NA,NA,NOT_RUN,MEASURED,,NA,0,NA
2026-09-02T10:52:58Z,final-single-random-measured-1-integrated,random,INTEGRATED,MEASURED,1,2,8,1000000,12345,387156,APP_387156_68293232,157.146,12727058.275,188.388,10088.000,16.774,6292.000,156928.000,1,1009548.775,35843.562,7.908,95.434,0.000,0.000,3,2,0,0,1402.457,1397.522,NA,NA,NA,NA,NA,1538.633,TARGET_GONE:1,MEASURED,Error: target PID 387156 is unavailable for one sample.,425.719,4,143374.250
2026-09-02T10:52:59Z,final-single-random-measured-2-integrated,random,INTEGRATED,MEASURED,2,2,8,1000000,12345,387164,APP_387164_68293334,200.139,9993058.072,184.809,10088.000,18.868,6304.000,156928.000,1,1004432.399,40879.892,9.671,92.532,0.000,0.000,3,2,0,0,1384.496,1379.433,NA,NA,NA,NA,NA,1523.264,TARGET_GONE:1,MEASURED,Error: target PID 387164 is unavailable for one sample.,420.850,4,163519.567
2026-09-02T10:52:59Z,final-single-random-measured-2-baseline,random,BASELINE,MEASURED,2,2,8,1000000,12345,387170,NA,179.225,11159172.990,180.607,10088.000,NA,NA,NA,NA,NA,NA,NA,NA,NA,NA,NA,NA,NA,NA,NA,NA,NA,NA,NA,NA,NA,NA,NOT_RUN,MEASURED,,NA,0,NA
2026-09-02T10:52:59Z,final-single-random-measured-3-baseline,random,BASELINE,MEASURED,3,2,8,1000000,12345,387173,NA,227.898,8775840.501,188.777,10020.000,NA,NA,NA,NA,NA,NA,NA,NA,NA,NA,NA,NA,NA,NA,NA,NA,NA,NA,NA,NA,NA,NA,NOT_RUN,MEASURED,,NA,0,NA
2026-09-02T10:53:00Z,final-single-random-measured-3-integrated,random,INTEGRATED,MEASURED,3,2,8,1000000,12345,387176,APP_387176_68293481,95.917,20851258.028,173.835,10088.000,14.834,5512.000,155980.000,1,1009180.636,31251.052,2.805,45.207,0.000,0.000,2,1,0,0,639.118,637.157,NA,NA,NA,NA,NA,705.533,TARGET_GONE:1,MEASURED,Error: target PID 387176 is unavailable for one sample.,422.471,4,125004.207
2026-09-02T10:53:01Z,final-single-random-measured-4-integrated,random,INTEGRATED,MEASURED,4,2,8,1000000,12345,387182,APP_387182_68293584,177.161,11289178.968,182.849,10024.000,17.819,6280.000,156928.000,1,1007520.536,35567.435,8.706,94.027,0.000,0.000,3,2,0,0,1340.937,1336.937,NA,NA,NA,NA,NA,1471.686,TARGET_GONE:1,MEASURED,Error: target PID 387182 is unavailable for one sample.,426.931,4,142269.742
2026-09-02T10:53:01Z,final-single-random-measured-4-baseline,random,BASELINE,MEASURED,4,2,8,1000000,12345,387188,NA,175.723,11381555.461,181.631,10024.000,NA,NA,NA,NA,NA,NA,NA,NA,NA,NA,NA,NA,NA,NA,NA,NA,NA,NA,NA,NA,NA,NA,NOT_RUN,MEASURED,,NA,0,NA
2026-09-02T10:53:01Z,final-single-random-measured-5-baseline,random,BASELINE,MEASURED,5,2,8,1000000,12345,387191,NA,175.443,11399696.455,178.534,10004.000,NA,NA,NA,NA,NA,NA,NA,NA,NA,NA,NA,NA,NA,NA,NA,NA,NA,NA,NA,NA,NA,NA,NOT_RUN,MEASURED,,NA,0,NA
2026-09-02T10:53:03Z,final-single-random-measured-5-integrated,random,INTEGRATED,MEASURED,5,2,8,1000000,12345,387194,APP_387194_68293726,214.555,9321612.865,181.520,10088.000,17.695,6280.000,156928.000,1,1013306.896,36045.060,9.450,117.787,0.000,0.000,3,3,0,0,1778.865,1773.907,NA,NA,NA,NA,NA,1934.063,TARGET_GONE:1,MEASURED,,424.634,4,144180.241
2026-09-02T10:53:03Z,final-single-hot-warmup-1-baseline,hot,BASELINE,WARMUP,1,2,8,1000000,12345,387202,NA,121.935,16402231.397,182.619,10088.000,NA,NA,NA,NA,NA,NA,NA,NA,NA,NA,NA,NA,NA,NA,NA,NA,NA,NA,NA,NA,NA,NA,NOT_RUN,WARMUP,,NA,0,NA
2026-09-02T10:53:04Z,final-single-hot-warmup-1-integrated,hot,INTEGRATED,WARMUP,1,2,8,1000000,12345,387205,APP_387205_68293843,116.726,17134099.319,184.953,10088.000,17.586,6388.000,156928.000,1,1019449.491,38394.781,8.382,87.010,0.000,0.000,3,2,0,0,971.625,967.759,NA,NA,NA,NA,NA,1094.941,TARGET_GONE:1,WARMUP,Error: target PID 387205 is unavailable for one sample.,440.131,4,153579.122
2026-09-02T10:53:05Z,final-single-hot-warmup-2-integrated,hot,INTEGRATED,WARMUP,2,2,8,1000000,12345,387211,APP_387211_68293947,154.997,12903509.849,183.969,10024.000,18.860,6248.000,156928.000,1,1005354.688,40323.589,10.192,97.827,0.000,0.000,3,2,0,0,1319.539,1315.380,NA,NA,NA,NA,NA,1459.853,TARGET_GONE:1,WARMUP,Error: target PID 387211 is unavailable for one sample.,424.195,4,161294.356
2026-09-02T10:53:05Z,final-single-hot-warmup-2-baseline,hot,BASELINE,WARMUP,2,2,8,1000000,12345,387217,NA,128.419,15574044.401,187.391,10216.000,NA,NA,NA,NA,NA,NA,NA,NA,NA,NA,NA,NA,NA,NA,NA,NA,NA,NA,NA,NA,NA,NA,NOT_RUN,WARMUP,,NA,0,NA
2026-09-02T10:53:05Z,final-single-hot-warmup-3-baseline,hot,BASELINE,WARMUP,3,2,8,1000000,12345,387220,NA,125.603,15923166.898,176.245,10152.000,NA,NA,NA,NA,NA,NA,NA,NA,NA,NA,NA,NA,NA,NA,NA,NA,NA,NA,NA,NA,NA,NA,NOT_RUN,WARMUP,,NA,0,NA
2026-09-02T10:53:06Z,final-single-hot-warmup-3-integrated,hot,INTEGRATED,WARMUP,3,2,8,1000000,12345,387223,APP_387223_68294079,118.578,16866561.851,183.971,10088.000,16.847,6276.000,156928.000,1,1005311.766,34321.246,7.289,98.780,0.000,0.000,3,2,0,0,1355.035,1350.709,NA,NA,NA,NA,NA,1490.857,TARGET_GONE:1,WARMUP,Error: target PID 387223 is unavailable for one sample.,834.282,4,137284.983
2026-09-02T10:53:07Z,final-single-hot-warmup-4-integrated,hot,INTEGRATED,WARMUP,4,2,8,1000000,12345,387229,APP_387229_68294181,173.002,11560572.758,187.121,10088.000,17.532,6428.000,156928.000,1,1022594.501,38639.522,9.481,110.230,0.000,0.000,3,2,0,0,1420.506,1416.043,NA,NA,NA,NA,NA,1588.337,TARGET_GONE:1,WARMUP,Error: target PID 387229 is unavailable for one sample.,424.237,4,154558.087
2026-09-02T10:53:07Z,final-single-hot-warmup-4-baseline,hot,BASELINE,WARMUP,4,2,8,1000000,12345,387235,NA,140.439,14241074.015,180.323,10088.000,NA,NA,NA,NA,NA,NA,NA,NA,NA,NA,NA,NA,NA,NA,NA,NA,NA,NA,NA,NA,NA,NA,NOT_RUN,WARMUP,,NA,0,NA
2026-09-02T10:53:07Z,final-single-hot-warmup-5-baseline,hot,BASELINE,WARMUP,5,2,8,1000000,12345,387238,NA,145.258,13768644.541,185.760,10024.000,NA,NA,NA,NA,NA,NA,NA,NA,NA,NA,NA,NA,NA,NA,NA,NA,NA,NA,NA,NA,NA,NA,NOT_RUN,WARMUP,,NA,0,NA
2026-09-02T10:53:08Z,final-single-hot-warmup-5-integrated,hot,INTEGRATED,WARMUP,5,2,8,1000000,12345,387241,APP_387241_68294319,130.585,15315690.651,184.666,10088.000,18.563,6308.000,156928.000,1,1019782.297,38119.442,9.818,94.397,0.000,0.000,3,2,0,0,1009.910,1005.059,NA,NA,NA,NA,NA,1143.005,TARGET_GONE:1,WARMUP,Error: target PID 387241 is unavailable for one sample.,423.875,4,152477.769
2026-09-02T10:53:09Z,final-single-hot-measured-1-baseline,hot,BASELINE,MEASURED,1,2,8,1000000,12345,387247,NA,127.237,15718714.978,177.645,10024.000,NA,NA,NA,NA,NA,NA,NA,NA,NA,NA,NA,NA,NA,NA,NA,NA,NA,NA,NA,NA,NA,NA,NOT_RUN,MEASURED,,NA,0,NA
2026-09-02T10:53:10Z,final-single-hot-measured-1-integrated,hot,INTEGRATED,MEASURED,1,2,8,1000000,12345,387250,APP_387250_68294437,125.192,15975524.477,185.527,10020.000,18.586,6284.000,156928.000,1,1019580.583,42014.236,8.622,113.372,0.000,0.000,3,2,0,0,960.350,956.625,NA,NA,NA,NA,NA,1108.280,TARGET_GONE:1,MEASURED,Error: target PID 387250 is unavailable for one sample.,426.590,4,168056.944
2026-09-02T10:53:11Z,final-single-hot-measured-2-integrated,hot,INTEGRATED,MEASURED,2,2,8,1000000,12345,387257,APP_387257_68294540,131.947,15157600.471,185.901,10088.000,18.843,6268.000,156916.000,1,1005101.510,41452.694,8.559,88.717,0.000,0.000,3,2,0,0,1361.094,1356.694,NA,NA,NA,NA,NA,1489.590,TARGET_GONE:1,MEASURED,Error: target PID 387257 is unavailable for one sample.,422.381,4,165810.778
2026-09-02T10:53:11Z,final-single-hot-measured-2-baseline,hot,BASELINE,MEASURED,2,2,8,1000000,12345,387272,NA,136.430,14659486.264,176.513,10016.000,NA,NA,NA,NA,NA,NA,NA,NA,NA,NA,NA,NA,NA,NA,NA,NA,NA,NA,NA,NA,NA,NA,NOT_RUN,MEASURED,,NA,0,NA
2026-09-02T10:53:11Z,final-single-hot-measured-3-baseline,hot,BASELINE,MEASURED,3,2,8,1000000,12345,387275,NA,145.436,13751800.157,186.144,9960.000,NA,NA,NA,NA,NA,NA,NA,NA,NA,NA,NA,NA,NA,NA,NA,NA,NA,NA,NA,NA,NA,NA,NOT_RUN,MEASURED,,NA,0,NA
2026-09-02T10:53:12Z,final-single-hot-measured-3-integrated,hot,INTEGRATED,MEASURED,3,2,8,1000000,12345,387281,APP_387281_68294675,103.494,19324876.360,182.034,10088.000,19.836,5500.000,155980.000,1,1003786.632,40124.294,4.482,95.451,0.000,0.000,2,1,0,0,1045.387,1042.738,NA,NA,NA,NA,NA,1166.325,TARGET_GONE:1,MEASURED,Error: target PID 387281 is unavailable for one sample.,840.595,4,160497.175
2026-09-02T10:53:13Z,final-single-hot-measured-4-integrated,hot,INTEGRATED,MEASURED,4,2,8,1000000,12345,387287,APP_387287_68294777,132.833,15056469.365,179.125,10152.000,17.575,6284.000,156928.000,1,1021345.938,38369.152,8.547,98.417,0.000,0.000,3,2,0,0,1543.696,1538.670,NA,NA,NA,NA,NA,1693.335,TARGET_GONE:1,MEASURED,Error: target PID 387287 is unavailable for one sample.,753.668,4,153476.607
2026-09-02T10:53:13Z,final-single-hot-measured-4-baseline,hot,BASELINE,MEASURED,4,2,8,1000000,12345,387294,NA,125.320,15959204.692,185.122,9960.000,NA,NA,NA,NA,NA,NA,NA,NA,NA,NA,NA,NA,NA,NA,NA,NA,NA,NA,NA,NA,NA,NA,NOT_RUN,MEASURED,,NA,0,NA
2026-09-02T10:53:13Z,final-single-hot-measured-5-baseline,hot,BASELINE,MEASURED,5,2,8,1000000,12345,387297,NA,145.115,13782148.732,181.616,10148.000,NA,NA,NA,NA,NA,NA,NA,NA,NA,NA,NA,NA,NA,NA,NA,NA,NA,NA,NA,NA,NA,NA,NOT_RUN,MEASURED,,NA,0,NA
2026-09-02T10:53:14Z,final-single-hot-measured-5-integrated,hot,INTEGRATED,MEASURED,5,2,8,1000000,12345,387300,APP_387300_68294912,140.760,14208626.199,182.992,10088.000,17.636,6296.000,156928.000,1,1017194.241,37681.558,9.787,152.561,0.000,0.000,3,2,0,0,1104.081,1099.872,NA,NA,NA,NA,NA,1294.371,TARGET_GONE:1,MEASURED,Error: target PID 387300 is unavailable for one sample.,424.214,4,150726.234
2026-09-02T10:53:15Z,final-single-moderate-warmup-1-baseline,moderate,BASELINE,WARMUP,1,2,8,1000000,12345,387306,NA,193.107,10356933.056,186.105,10216.000,NA,NA,NA,NA,NA,NA,NA,NA,NA,NA,NA,NA,NA,NA,NA,NA,NA,NA,NA,NA,NA,NA,NOT_RUN,WARMUP,,NA,0,NA
2026-09-02T10:53:16Z,final-single-moderate-warmup-1-integrated,moderate,INTEGRATED,WARMUP,1,2,8,1000000,12345,387309,APP_387309_68295037,165.105,12113496.190,191.636,10088.000,17.604,6288.000,156928.000,1,1019392.722,37603.198,7.970,110.970,0.000,0.000,3,2,0,0,1246.736,1243.397,NA,NA,NA,NA,NA,1390.629,TARGET_GONE:1,WARMUP,Error: target PID 387309 is unavailable for one sample.,427.902,4,150412.792
2026-09-02T10:53:17Z,final-single-moderate-warmup-2-integrated,moderate,INTEGRATED,WARMUP,2,2,8,1000000,12345,387315,APP_387315_68295141,198.850,10057838.202,176.982,10088.000,19.730,6276.000,156928.000,1,1011457.413,42538.956,9.383,235.583,0.000,0.000,3,2,0,0,1176.992,1171.242,NA,NA,NA,NA,NA,1452.342,TARGET_GONE:1,WARMUP,Error: target PID 387315 is unavailable for one sample.,813.869,4,170155.823
2026-09-02T10:53:17Z,final-single-moderate-warmup-2-baseline,moderate,BASELINE,WARMUP,2,2,8,1000000,12345,387321,NA,216.801,9225056.722,186.093,10024.000,NA,NA,NA,NA,NA,NA,NA,NA,NA,NA,NA,NA,NA,NA,NA,NA,NA,NA,NA,NA,NA,NA,NOT_RUN,WARMUP,,NA,0,NA
2026-09-02T10:53:17Z,final-single-moderate-warmup-3-baseline,moderate,BASELINE,WARMUP,3,2,8,1000000,12345,387324,NA,199.862,10006914.227,189.260,9960.000,NA,NA,NA,NA,NA,NA,NA,NA,NA,NA,NA,NA,NA,NA,NA,NA,NA,NA,NA,NA,NA,NA,NOT_RUN,WARMUP,,NA,0,NA
2026-09-02T10:53:18Z,final-single-moderate-warmup-3-integrated,moderate,INTEGRATED,WARMUP,3,2,8,1000000,12345,387327,APP_387327_68295290,99.572,20085885.227,177.371,9956.000,14.799,5488.000,155980.000,1,1012125.417,31127.123,2.931,57.680,0.000,0.000,2,1,0,0,942.625,940.534,NA,NA,NA,NA,NA,1021.596,TARGET_GONE:1,WARMUP,,820.025,4,124508.493
2026-09-02T10:53:19Z,final-single-moderate-warmup-4-integrated,moderate,INTEGRATED,WARMUP,4,2,8,1000000,12345,387333,APP_387333_68295392,199.673,10016357.462,188.293,10088.000,16.866,6432.000,156928.000,1,1005705.784,34752.303,6.558,88.809,0.000,0.000,3,2,0,0,1243.383,1239.496,NA,NA,NA,NA,NA,1363.650,TARGET_GONE:1,WARMUP,Error: target PID 387333 is unavailable for one sample.,423.566,4,139009.213
2026-09-02T10:53:19Z,final-single-moderate-warmup-4-baseline,moderate,BASELINE,WARMUP,4,2,8,1000000,12345,387339,NA,194.351,10290685.260,186.248,10024.000,NA,NA,NA,NA,NA,NA,NA,NA,NA,NA,NA,NA,NA,NA,NA,NA,NA,NA,NA,NA,NA,NA,NOT_RUN,WARMUP,,NA,0,NA
2026-09-02T10:53:20Z,final-single-moderate-warmup-5-baseline,moderate,BASELINE,WARMUP,5,2,8,1000000,12345,387342,NA,163.482,12233734.752,179.875,10020.000,NA,NA,NA,NA,NA,NA,NA,NA,NA,NA,NA,NA,NA,NA,NA,NA,NA,NA,NA,NA,NA,NA,NOT_RUN,WARMUP,,NA,0,NA
2026-09-02T10:53:21Z,final-single-moderate-warmup-5-integrated,moderate,INTEGRATED,WARMUP,5,2,8,1000000,12345,387345,APP_387345_68295534,86.704,23066919.224,184.385,10084.000,14.656,5512.000,155980.000,1,1019963.390,32938.090,3.086,63.724,0.000,0.000,2,1,0,0,552.284,550.495,NA,NA,NA,NA,NA,636.535,TARGET_GONE:1,WARMUP,Error: target PID 387345 is unavailable for one sample.,840.541,4,131752.360
2026-09-02T10:53:21Z,final-single-moderate-measured-1-baseline,moderate,BASELINE,MEASURED,1,2,8,1000000,12345,387351,NA,201.132,9943707.430,178.591,10024.000,NA,NA,NA,NA,NA,NA,NA,NA,NA,NA,NA,NA,NA,NA,NA,NA,NA,NA,NA,NA,NA,NA,NOT_RUN,MEASURED,,NA,0,NA
2026-09-02T10:53:22Z,final-single-moderate-measured-1-integrated,moderate,INTEGRATED,MEASURED,1,2,8,1000000,12345,387354,APP_387354_68295660,185.605,10775569.920,184.607,10020.000,18.490,6388.000,156928.000,1,1023415.300,38809.885,12.248,323.804,0.000,0.000,3,2,0,0,1365.219,1360.160,NA,NA,NA,NA,NA,1743.524,TARGET_GONE:1,MEASURED,Error: target PID 387354 is unavailable for one sample.,428.471,4,155239.538
2026-09-02T10:53:23Z,final-single-moderate-measured-2-integrated,moderate,INTEGRATED,MEASURED,2,2,8,1000000,12345,387360,APP_387360_68295765,185.636,10773776.970,188.214,10088.000,18.544,6444.000,156928.000,1,1022991.643,38381.207,10.021,240.971,0.000,0.000,3,2,0,0,1268.209,1264.561,NA,NA,NA,NA,NA,1550.454,TARGET_GONE:1,MEASURED,Error: target PID 387360 is unavailable for one sample.,421.333,4,153524.828
2026-09-02T10:53:23Z,final-single-moderate-measured-2-baseline,moderate,BASELINE,MEASURED,2,2,8,1000000,12345,387366,NA,195.790,10215030.739,178.540,10008.000,NA,NA,NA,NA,NA,NA,NA,NA,NA,NA,NA,NA,NA,NA,NA,NA,NA,NA,NA,NA,NA,NA,NOT_RUN,MEASURED,,NA,0,NA
2026-09-02T10:53:23Z,final-single-moderate-measured-3-baseline,moderate,BASELINE,MEASURED,3,2,8,1000000,12345,387369,NA,193.967,10311028.353,185.505,9960.000,NA,NA,NA,NA,NA,NA,NA,NA,NA,NA,NA,NA,NA,NA,NA,NA,NA,NA,NA,NA,NA,NA,NOT_RUN,MEASURED,,NA,0,NA
2026-09-02T10:53:24Z,final-single-moderate-measured-3-integrated,moderate,INTEGRATED,MEASURED,3,2,8,1000000,12345,387372,APP_387372_68295912,151.469,13204058.035,189.828,10088.000,18.499,6392.000,156928.000,1,1022700.831,38854.936,9.832,95.605,0.000,0.000,3,2,0,0,1237.585,1234.015,NA,NA,NA,NA,NA,1368.467,TARGET_GONE:1,MEASURED,Error: target PID 387372 is unavailable for one sample.,422.918,4,155419.745
2026-09-02T10:53:25Z,final-single-moderate-measured-4-integrated,moderate,INTEGRATED,MEASURED,4,2,8,1000000,12345,387378,APP_387378_68296017,227.129,8805579.731,181.886,10088.000,18.520,6264.000,156928.000,1,1021770.845,38422.486,11.799,115.508,0.000,0.000,3,3,0,0,2119.430,2114.767,NA,NA,NA,NA,NA,2280.820,TARGET_GONE:1,MEASURED,,428.632,4,153689.943
2026-09-02T10:53:26Z,final-single-moderate-measured-4-baseline,moderate,BASELINE,MEASURED,4,2,8,1000000,12345,387384,NA,206.387,9690528.563,177.011,10088.000,NA,NA,NA,NA,NA,NA,NA,NA,NA,NA,NA,NA,NA,NA,NA,NA,NA,NA,NA,NA,NA,NA,NOT_RUN,MEASURED,,NA,0,NA
2026-09-02T10:53:26Z,final-single-moderate-measured-5-baseline,moderate,BASELINE,MEASURED,5,2,8,1000000,12345,387387,NA,237.415,8424053.369,172.176,10088.000,NA,NA,NA,NA,NA,NA,NA,NA,NA,NA,NA,NA,NA,NA,NA,NA,NA,NA,NA,NA,NA,NA,NOT_RUN,MEASURED,,NA,0,NA
2026-09-02T10:53:27Z,final-single-moderate-measured-5-integrated,moderate,INTEGRATED,MEASURED,5,2,8,1000000,12345,387390,APP_387390_68296169,185.156,10801716.877,184.680,10088.000,17.536,6364.000,156928.000,1,1023085.724,38844.493,9.011,98.165,0.000,0.000,3,2,0,0,1126.380,1117.049,NA,NA,NA,NA,NA,1261.238,TARGET_GONE:1,MEASURED,Error: target PID 387390 is unavailable for one sample.,427.902,4,155377.971
2026-09-02T10:53:27Z,final-single-cold-warmup-1-baseline,cold,BASELINE,WARMUP,1,2,8,1000000,12345,387396,NA,218.012,9173801.182,178.671,10024.000,NA,NA,NA,NA,NA,NA,NA,NA,NA,NA,NA,NA,NA,NA,NA,NA,NA,NA,NA,NA,NA,NA,NOT_RUN,WARMUP,,NA,0,NA
2026-09-02T10:53:28Z,final-single-cold-warmup-1-integrated,cold,INTEGRATED,WARMUP,1,2,8,1000000,12345,387399,APP_387399_68296298,219.928,9093898.711,193.336,10024.000,17.747,6524.000,156928.000,1,1011887.141,36684.588,7.831,117.232,0.000,0.000,3,3,0,0,1382.598,1379.743,NA,NA,NA,NA,NA,1527.920,TARGET_GONE:1,WARMUP,,454.154,4,146738.354
2026-09-02T10:53:29Z,final-single-cold-warmup-2-integrated,cold,INTEGRATED,WARMUP,2,2,8,1000000,12345,387405,APP_387405_68296401,191.335,10452883.073,185.231,10088.000,18.921,6288.000,156928.000,1,1001881.005,40738.501,10.084,362.352,0.000,0.000,3,2,0,0,1309.925,1306.436,NA,NA,NA,NA,NA,1719.190,TARGET_GONE:1,WARMUP,Error: target PID 387405 is unavailable for one sample.,430.149,4,162954.005
2026-09-02T10:53:29Z,final-single-cold-warmup-2-baseline,cold,BASELINE,WARMUP,2,2,8,1000000,12345,387412,NA,170.212,11750034.165,190.002,10088.000,NA,NA,NA,NA,NA,NA,NA,NA,NA,NA,NA,NA,NA,NA,NA,NA,NA,NA,NA,NA,NA,NA,NOT_RUN,WARMUP,,NA,0,NA
2026-09-02T10:53:30Z,final-single-cold-warmup-3-baseline,cold,BASELINE,WARMUP,3,2,8,1000000,12345,387415,NA,90.378,22129377.193,182.483,9960.000,NA,NA,NA,NA,NA,NA,NA,NA,NA,NA,NA,NA,NA,NA,NA,NA,NA,NA,NA,NA,NA,NA,NOT_RUN,WARMUP,,NA,0,NA
2026-09-02T10:53:31Z,final-single-cold-warmup-3-integrated,cold,INTEGRATED,WARMUP,3,2,8,1000000,12345,387418,APP_387418_68296532,98.225,20361335.104,181.115,10024.000,16.860,6316.000,156928.000,1,1005294.361,35998.497,5.431,66.994,0.000,0.000,3,2,0,0,656.387,654.014,NA,NA,NA,NA,NA,755.550,TARGET_GONE:1,WARMUP,Error: target PID 387418 is unavailable for one sample.,835.258,4,143993.990
2026-09-02T10:53:32Z,final-single-cold-warmup-4-integrated,cold,INTEGRATED,WARMUP,4,2,8,1000000,12345,387424,APP_387424_68296634,198.068,10097554.542,188.369,10088.000,18.858,6364.000,156928.000,1,1004843.977,41110.435,10.266,123.361,0.000,0.000,3,2,0,0,1011.637,1008.313,NA,NA,NA,NA,NA,1174.139,TARGET_GONE:1,WARMUP,Error: target PID 387424 is unavailable for one sample.,425.012,4,164441.742
2026-09-02T10:53:32Z,final-single-cold-warmup-4-baseline,cold,BASELINE,WARMUP,4,2,8,1000000,12345,387430,NA,226.868,8815700.745,172.666,10088.000,NA,NA,NA,NA,NA,NA,NA,NA,NA,NA,NA,NA,NA,NA,NA,NA,NA,NA,NA,NA,NA,NA,NOT_RUN,WARMUP,,NA,0,NA
2026-09-02T10:53:32Z,final-single-cold-warmup-5-baseline,cold,BASELINE,WARMUP,5,2,8,1000000,12345,387433,NA,195.872,10210761.817,184.815,10024.000,NA,NA,NA,NA,NA,NA,NA,NA,NA,NA,NA,NA,NA,NA,NA,NA,NA,NA,NA,NA,NA,NA,NOT_RUN,WARMUP,,NA,0,NA
2026-09-02T10:53:33Z,final-single-cold-warmup-5-integrated,cold,INTEGRATED,WARMUP,5,2,8,1000000,12345,387436,APP_387436_68296782,211.733,9445878.108,188.440,10024.000,17.668,6240.000,156928.000,1,1015693.197,37487.495,10.783,109.130,0.000,0.000,3,3,0,0,1851.960,1847.679,NA,NA,NA,NA,NA,2007.544,TARGET_GONE:1,WARMUP,,434.244,4,149949.981
2026-09-02T10:53:33Z,final-single-cold-measured-1-baseline,cold,BASELINE,MEASURED,1,2,8,1000000,12345,387442,NA,191.441,10447055.902,187.746,10084.000,NA,NA,NA,NA,NA,NA,NA,NA,NA,NA,NA,NA,NA,NA,NA,NA,NA,NA,NA,NA,NA,NA,NOT_RUN,MEASURED,,NA,0,NA
2026-09-02T10:53:34Z,final-single-cold-measured-1-integrated,cold,INTEGRATED,MEASURED,1,2,8,1000000,12345,387445,APP_387445_68296907,115.986,17243403.625,185.267,10088.000,16.811,6316.000,156928.000,1,1007207.023,36449.745,7.652,73.597,0.000,0.000,3,2,0,0,715.732,712.745,NA,NA,NA,NA,NA,819.775,TARGET_GONE:1,MEASURED,Error: target PID 387445 is unavailable for one sample.,435.118,4,145798.980
2026-09-02T10:53:35Z,final-single-cold-measured-2-integrated,cold,INTEGRATED,MEASURED,2,2,8,1000000,12345,387451,APP_387451_68297010,211.130,9472832.511,179.573,10216.000,17.779,6308.000,156928.000,1,1010265.849,35946.414,9.762,97.007,0.000,0.000,3,3,0,0,1718.953,1714.698,NA,NA,NA,NA,NA,1854.425,TARGET_GONE:1,MEASURED,,822.629,4,143785.657
2026-09-02T10:53:36Z,final-single-cold-measured-2-baseline,cold,BASELINE,MEASURED,2,2,8,1000000,12345,387457,NA,211.826,9441733.703,177.793,10088.000,NA,NA,NA,NA,NA,NA,NA,NA,NA,NA,NA,NA,NA,NA,NA,NA,NA,NA,NA,NA,NA,NA,NOT_RUN,MEASURED,,NA,0,NA
2026-09-02T10:53:36Z,final-single-cold-measured-3-baseline,cold,BASELINE,MEASURED,3,2,8,1000000,12345,387460,NA,180.066,11107007.999,183.993,10024.000,NA,NA,NA,NA,NA,NA,NA,NA,NA,NA,NA,NA,NA,NA,NA,NA,NA,NA,NA,NA,NA,NA,NOT_RUN,MEASURED,,NA,0,NA
2026-09-02T10:53:37Z,final-single-cold-measured-3-integrated,cold,INTEGRATED,MEASURED,3,2,8,1000000,12345,387463,APP_387463_68297156,94.966,21060063.117,177.258,10088.000,13.935,5360.000,155980.000,1,1002324.938,29505.226,2.523,42.941,0.000,0.000,2,1,0,0,449.275,447.199,NA,NA,NA,NA,NA,511.103,TARGET_GONE:1,MEASURED,Error: target PID 387463 is unavailable for one sample.,425.454,4,118020.903
2026-09-02T10:53:38Z,final-single-cold-measured-4-integrated,cold,INTEGRATED,MEASURED,4,2,8,1000000,12345,387469,APP_387469_68297258,220.676,9063065.417,186.325,10024.000,18.908,6400.000,156928.000,1,1002676.156,40490.770,11.677,333.881,0.000,0.000,3,3,0,0,1746.305,1742.816,NA,NA,NA,NA,NA,2121.450,TARGET_GONE:1,MEASURED,,422.900,4,161963.082
2026-09-02T10:53:38Z,final-single-cold-measured-4-baseline,cold,BASELINE,MEASURED,4,2,8,1000000,12345,387476,NA,201.661,9917620.133,179.691,10088.000,NA,NA,NA,NA,NA,NA,NA,NA,NA,NA,NA,NA,NA,NA,NA,NA,NA,NA,NA,NA,NA,NA,NOT_RUN,MEASURED,,NA,0,NA
2026-09-02T10:53:38Z,final-single-cold-measured-5-baseline,cold,BASELINE,MEASURED,5,2,8,1000000,12345,387479,NA,166.091,12041610.364,183.569,10020.000,NA,NA,NA,NA,NA,NA,NA,NA,NA,NA,NA,NA,NA,NA,NA,NA,NA,NA,NA,NA,NA,NA,NOT_RUN,MEASURED,,NA,0,NA
2026-09-02T10:53:39Z,final-single-cold-measured-5-integrated,cold,INTEGRATED,MEASURED,5,2,8,1000000,12345,387482,APP_387482_68297401,98.472,20310441.857,182.002,10212.000,14.722,5500.000,155980.000,1,1016917.939,32528.748,4.773,71.647,0.000,0.000,3,2,0,0,464.496,462.443,NA,NA,NA,NA,NA,557.529,TARGET_GONE:1,MEASURED,Error: target PID 387482 is unavailable for one sample.,435.157,4,130114.991
2026-09-02T10:53:39Z,final-single-mixed-warmup-1-baseline,mixed,BASELINE,WARMUP,1,2,8,1000000,12345,387488,NA,177.392,11274444.427,182.484,10088.000,NA,NA,NA,NA,NA,NA,NA,NA,NA,NA,NA,NA,NA,NA,NA,NA,NA,NA,NA,NA,NA,NA,NOT_RUN,WARMUP,,NA,0,NA
2026-09-02T10:53:40Z,final-single-mixed-warmup-1-integrated,mixed,INTEGRATED,WARMUP,1,2,8,1000000,12345,387491,APP_387491_68297524,160.701,12445456.464,183.593,10088.000,16.774,6360.000,156928.000,1,1010423.885,36546.439,8.214,83.404,0.000,0.000,3,2,0,0,1031.667,1028.492,NA,NA,NA,NA,NA,1148.172,TARGET_GONE:1,WARMUP,Error: target PID 387491 is unavailable for one sample.,423.462,4,146185.756
2026-09-02T10:53:42Z,final-single-mixed-warmup-2-integrated,mixed,INTEGRATED,WARMUP,2,2,8,1000000,12345,387498,APP_387498_68297627,218.642,9147362.831,180.009,10216.000,19.760,6276.000,156928.000,1,1007458.110,41090.842,10.937,102.066,0.000,0.000,3,3,0,0,2012.640,2007.292,NA,NA,NA,NA,NA,2157.080,TARGET_GONE:1,WARMUP,,422.735,4,164363.370
2026-09-02T10:53:42Z,final-single-mixed-warmup-2-baseline,mixed,BASELINE,WARMUP,2,2,8,1000000,12345,387507,NA,177.704,11254688.739,180.424,10088.000,NA,NA,NA,NA,NA,NA,NA,NA,NA,NA,NA,NA,NA,NA,NA,NA,NA,NA,NA,NA,NA,NA,NOT_RUN,WARMUP,,NA,0,NA
2026-09-02T10:53:42Z,final-single-mixed-warmup-3-baseline,mixed,BASELINE,WARMUP,3,2,8,1000000,12345,387510,NA,170.465,11732609.052,175.451,10088.000,NA,NA,NA,NA,NA,NA,NA,NA,NA,NA,NA,NA,NA,NA,NA,NA,NA,NA,NA,NA,NA,NA,NOT_RUN,WARMUP,,NA,0,NA
2026-09-02T10:53:43Z,final-single-mixed-warmup-3-integrated,mixed,INTEGRATED,WARMUP,3,2,8,1000000,12345,387513,APP_387513_68297769,175.913,11369230.413,184.236,10088.000,17.536,6368.000,156928.000,1,1023390.811,39151.406,8.532,109.794,0.000,0.000,3,2,0,0,1286.107,1282.365,NA,NA,NA,NA,NA,1434.338,TARGET_GONE:1,WARMUP,Error: target PID 387513 is unavailable for one sample.,417.596,4,156605.624
2026-09-02T10:53:44Z,final-single-mixed-warmup-4-integrated,mixed,INTEGRATED,WARMUP,4,2,8,1000000,12345,387519,APP_387519_68297874,176.609,11324440.095,188.011,10088.000,18.901,6420.000,156928.000,1,1002089.751,40113.189,9.461,110.317,0.000,0.000,3,2,0,0,1055.846,1051.790,NA,NA,NA,NA,NA,1207.938,TARGET_GONE:1,WARMUP,Error: target PID 387519 is unavailable for one sample.,817.526,4,160452.754
2026-09-02T10:53:44Z,final-single-mixed-warmup-4-baseline,mixed,BASELINE,WARMUP,4,2,8,1000000,12345,387525,NA,169.137,11824701.359,181.024,10088.000,NA,NA,NA,NA,NA,NA,NA,NA,NA,NA,NA,NA,NA,NA,NA,NA,NA,NA,NA,NA,NA,NA,NOT_RUN,WARMUP,,NA,0,NA
2026-09-02T10:53:44Z,final-single-mixed-warmup-5-baseline,mixed,BASELINE,WARMUP,5,2,8,1000000,12345,387528,NA,183.151,10919941.340,181.726,10088.000,NA,NA,NA,NA,NA,NA,NA,NA,NA,NA,NA,NA,NA,NA,NA,NA,NA,NA,NA,NA,NA,NA,NOT_RUN,WARMUP,,NA,0,NA
2026-09-02T10:53:45Z,final-single-mixed-warmup-5-integrated,mixed,INTEGRATED,WARMUP,5,2,8,1000000,12345,387531,APP_387531_68298015,86.591,23097199.307,182.810,10280.000,14.628,5396.000,155980.000,1,1022650.255,34219.185,3.302,66.326,0.000,0.000,2,1,0,0,550.114,547.868,NA,NA,NA,NA,NA,639.125,TARGET_GONE:1,WARMUP,Error: target PID 387531 is unavailable for one sample.,427.890,4,136876.738
2026-09-02T10:53:46Z,final-single-mixed-measured-1-baseline,mixed,BASELINE,MEASURED,1,2,8,1000000,12345,387537,NA,176.040,11361037.594,183.266,10088.000,NA,NA,NA,NA,NA,NA,NA,NA,NA,NA,NA,NA,NA,NA,NA,NA,NA,NA,NA,NA,NA,NA,NOT_RUN,MEASURED,,NA,0,NA
2026-09-02T10:53:47Z,final-single-mixed-measured-1-integrated,mixed,INTEGRATED,MEASURED,1,2,8,1000000,12345,387540,APP_387540_68298139,169.705,11785182.566,188.857,10088.000,16.873,6284.000,156928.000,1,1004235.735,34561.344,8.788,76.402,0.000,0.000,3,2,0,0,1410.683,1406.822,NA,NA,NA,NA,NA,1522.188,TARGET_GONE:1,MEASURED,Error: target PID 387540 is unavailable for one sample.,419.765,4,138245.376
2026-09-02T10:53:48Z,final-single-mixed-measured-2-integrated,mixed,INTEGRATED,MEASURED,2,2,8,1000000,12345,387546,APP_387546_68298241,175.145,11419140.200,190.938,10024.000,16.732,6292.000,156928.000,1,1010812.761,35881.429,7.619,97.238,0.000,0.000,3,2,0,0,1252.798,1248.452,NA,NA,NA,NA,NA,1387.519,TARGET_GONE:1,MEASURED,Error: target PID 387546 is unavailable for one sample.,431.232,4,143525.717
2026-09-02T10:53:48Z,final-single-mixed-measured-2-baseline,mixed,BASELINE,MEASURED,2,2,8,1000000,12345,387552,NA,179.005,11172859.973,182.641,10020.000,NA,NA,NA,NA,NA,NA,NA,NA,NA,NA,NA,NA,NA,NA,NA,NA,NA,NA,NA,NA,NA,NA,NOT_RUN,MEASURED,,NA,0,NA
2026-09-02T10:53:48Z,final-single-mixed-measured-3-baseline,mixed,BASELINE,MEASURED,3,2,8,1000000,12345,387555,NA,171.422,11667092.328,184.857,10024.000,NA,NA,NA,NA,NA,NA,NA,NA,NA,NA,NA,NA,NA,NA,NA,NA,NA,NA,NA,NA,NA,NA,NOT_RUN,MEASURED,,NA,0,NA
2026-09-02T10:53:49Z,final-single-mixed-measured-3-integrated,mixed,INTEGRATED,MEASURED,3,2,8,1000000,12345,387558,APP_387558_68298384,177.362,11276355.005,188.255,9960.000,18.881,6276.000,156928.000,1,1003812.365,40998.099,10.580,89.881,0.000,0.000,3,2,0,0,1347.152,1343.660,NA,NA,NA,NA,NA,1475.691,TARGET_GONE:1,MEASURED,Error: target PID 387558 is unavailable for one sample.,727.444,4,163992.398
2026-09-02T10:53:50Z,final-single-mixed-measured-4-integrated,mixed,INTEGRATED,MEASURED,4,2,8,1000000,12345,387564,APP_387564_68298486,187.395,10672657.644,180.937,10084.000,17.718,6340.000,156928.000,1,1013068.236,36101.273,10.223,92.642,0.000,0.000,3,2,0,0,1244.333,1240.629,NA,NA,NA,NA,NA,1377.026,TARGET_GONE:1,MEASURED,Error: target PID 387564 is unavailable for one sample.,822.525,4,144405.092
2026-09-02T10:53:50Z,final-single-mixed-measured-4-baseline,mixed,BASELINE,MEASURED,4,2,8,1000000,12345,387570,NA,192.915,10367268.093,176.784,10088.000,NA,NA,NA,NA,NA,NA,NA,NA,NA,NA,NA,NA,NA,NA,NA,NA,NA,NA,NA,NA,NA,NA,NOT_RUN,MEASURED,,NA,0,NA
2026-09-02T10:53:51Z,final-single-mixed-measured-5-baseline,mixed,BASELINE,MEASURED,5,2,8,1000000,12345,387573,NA,176.791,11312821.547,181.870,10088.000,NA,NA,NA,NA,NA,NA,NA,NA,NA,NA,NA,NA,NA,NA,NA,NA,NA,NA,NA,NA,NA,NA,NOT_RUN,MEASURED,,NA,0,NA
2026-09-02T10:53:52Z,final-single-mixed-measured-5-integrated,mixed,INTEGRATED,MEASURED,5,2,8,1000000,12345,387576,APP_387576_68298631,155.058,12898373.520,182.667,10084.000,17.697,6312.000,156916.000,1,1012351.930,36597.702,9.150,111.176,0.000,0.000,3,2,0,0,1267.684,1262.557,NA,NA,NA,NA,NA,1423.245,TARGET_GONE:1,MEASURED,Error: target PID 387576 is unavailable for one sample.,431.068,4,146390.808
2026-09-02T10:53:52Z,final-single-changing-warmup-1-baseline,changing,BASELINE,WARMUP,1,2,8,1000000,12345,387582,NA,227.939,8774266.513,188.342,9896.000,NA,NA,NA,NA,NA,NA,NA,NA,NA,NA,NA,NA,NA,NA,NA,NA,NA,NA,NA,NA,NA,NA,NOT_RUN,WARMUP,,NA,0,NA
2026-09-02T10:53:53Z,final-single-changing-warmup-1-integrated,changing,INTEGRATED,WARMUP,1,2,8,1000000,12345,387585,APP_387585_68298759,113.395,17637478.149,184.494,10216.000,13.887,6280.000,156916.000,1,1005425.066,29954.184,6.809,57.777,0.000,0.000,3,2,0,0,624.682,622.487,NA,NA,NA,NA,NA,705.259,TARGET_GONE:1,WARMUP,Error: target PID 387585 is unavailable for one sample.,443.438,4,119816.737
2026-09-02T10:53:54Z,final-single-changing-warmup-2-integrated,changing,INTEGRATED,WARMUP,2,2,8,1000000,12345,387591,APP_387591_68298861,250.890,7971624.365,193.512,10088.000,17.612,6332.000,156916.000,1,1019828.529,37944.951,9.295,96.315,0.000,0.000,3,3,0,0,1659.578,1656.189,NA,NA,NA,NA,NA,1786.573,TARGET_GONE:1,WARMUP,,423.599,4,151779.805
2026-09-02T10:53:54Z,final-single-changing-warmup-2-baseline,changing,BASELINE,WARMUP,2,2,8,1000000,12345,387597,NA,259.441,7708872.549,190.399,10088.000,NA,NA,NA,NA,NA,NA,NA,NA,NA,NA,NA,NA,NA,NA,NA,NA,NA,NA,NA,NA,NA,NA,NOT_RUN,WARMUP,,NA,0,NA
2026-09-02T10:53:54Z,final-single-changing-warmup-3-baseline,changing,BASELINE,WARMUP,3,2,8,1000000,12345,387600,NA,128.482,15566378.238,183.535,9960.000,NA,NA,NA,NA,NA,NA,NA,NA,NA,NA,NA,NA,NA,NA,NA,NA,NA,NA,NA,NA,NA,NA,NOT_RUN,WARMUP,,NA,0,NA
2026-09-02T10:53:55Z,final-single-changing-warmup-3-integrated,changing,INTEGRATED,WARMUP,3,2,8,1000000,12345,387603,APP_387603_68299007,129.109,15490782.297,183.660,9960.000,14.655,6372.000,156916.000,1,1021316.791,33564.083,6.580,242.341,0.000,0.000,3,2,0,0,701.463,697.969,NA,NA,NA,NA,NA,978.974,TARGET_GONE:1,WARMUP,Error: target PID 387603 is unavailable for one sample.,423.050,4,134256.330
2026-09-02T10:53:56Z,final-single-changing-warmup-4-integrated,changing,INTEGRATED,WARMUP,4,2,8,1000000,12345,387609,APP_387609_68299111,240.522,8315244.558,189.915,10088.000,15.602,6264.000,156916.000,1,1021601.786,31804.922,8.974,116.737,0.000,0.000,3,3,0,0,1940.786,1935.813,NA,NA,NA,NA,NA,2105.299,TARGET_GONE:1,WARMUP,,454.041,4,127219.689
2026-09-02T10:53:57Z,final-single-changing-warmup-4-baseline,changing,BASELINE,WARMUP,4,2,8,1000000,12345,387615,NA,220.097,9086896.854,186.998,10024.000,NA,NA,NA,NA,NA,NA,NA,NA,NA,NA,NA,NA,NA,NA,NA,NA,NA,NA,NA,NA,NA,NA,NOT_RUN,WARMUP,,NA,0,NA
2026-09-02T10:53:57Z,final-single-changing-warmup-5-baseline,changing,BASELINE,WARMUP,5,2,8,1000000,12345,387618,NA,112.327,17805105.534,185.098,10020.000,NA,NA,NA,NA,NA,NA,NA,NA,NA,NA,NA,NA,NA,NA,NA,NA,NA,NA,NA,NA,NA,NA,NOT_RUN,WARMUP,,NA,0,NA
2026-09-02T10:53:58Z,final-single-changing-warmup-5-integrated,changing,INTEGRATED,WARMUP,5,2,8,1000000,12345,387621,APP_387621_68299251,116.936,17103431.724,180.335,10024.000,14.698,6356.000,156916.000,1,1018837.644,33049.635,5.534,63.656,0.000,0.000,3,2,0,0,631.266,628.399,NA,NA,NA,NA,NA,723.363,TARGET_GONE:1,WARMUP,Error: target PID 387621 is unavailable for one sample.,841.303,4,132198.539
2026-09-02T10:53:58Z,final-single-changing-measured-1-baseline,changing,BASELINE,MEASURED,1,2,8,1000000,12345,387627,NA,245.722,8139284.580,193.188,10088.000,NA,NA,NA,NA,NA,NA,NA,NA,NA,NA,NA,NA,NA,NA,NA,NA,NA,NA,NA,NA,NA,NA,NOT_RUN,MEASURED,,NA,0,NA
2026-09-02T10:53:59Z,final-single-changing-measured-1-integrated,changing,INTEGRATED,MEASURED,1,2,8,1000000,12345,387630,APP_387630_68299381,124.977,16002953.255,189.669,9960.000,13.885,6292.000,156916.000,1,1004603.296,29699.199,5.787,77.711,0.000,0.000,3,2,0,0,560.884,558.166,NA,NA,NA,NA,NA,666.312,TARGET_GONE:1,MEASURED,Error: target PID 387630 is unavailable for one sample.,440.044,4,118796.795
2026-09-02T10:54:00Z,final-single-changing-measured-2-integrated,changing,INTEGRATED,MEASURED,2,2,8,1000000,12345,387636,APP_387636_68299483,246.264,8121368.756,188.627,10088.000,16.884,6344.000,156916.000,1,1002883.129,34170.091,9.080,109.060,0.000,0.000,3,3,0,0,1678.742,1673.552,NA,NA,NA,NA,NA,1829.051,TARGET_GONE:1,MEASURED,,447.366,4,136680.364
2026-09-02T10:54:00Z,final-single-changing-measured-2-baseline,changing,BASELINE,MEASURED,2,2,8,1000000,12345,387642,NA,241.137,8294033.025,190.255,9960.000,NA,NA,NA,NA,NA,NA,NA,NA,NA,NA,NA,NA,NA,NA,NA,NA,NA,NA,NA,NA,NA,NA,NOT_RUN,MEASURED,,NA,0,NA
2026-09-02T10:54:00Z,final-single-changing-measured-3-baseline,changing,BASELINE,MEASURED,3,2,8,1000000,12345,387645,NA,130.017,15382595.058,180.930,10088.000,NA,NA,NA,NA,NA,NA,NA,NA,NA,NA,NA,NA,NA,NA,NA,NA,NA,NA,NA,NA,NA,NA,NOT_RUN,MEASURED,,NA,0,NA
2026-09-02T10:54:02Z,final-single-changing-measured-3-integrated,changing,INTEGRATED,MEASURED,3,2,8,1000000,12345,387648,APP_387648_68299626,126.068,15864412.823,180.045,10088.000,14.731,6392.000,156916.000,1,1015175.198,32014.274,7.466,52.123,0.000,0.000,3,2,0,0,714.984,712.404,NA,NA,NA,NA,NA,804.171,TARGET_GONE:1,MEASURED,Error: target PID 387648 is unavailable for one sample.,823.035,4,128057.096
2026-09-02T10:54:03Z,final-single-changing-measured-4-integrated,changing,INTEGRATED,MEASURED,4,2,8,1000000,12345,387654,APP_387654_68299729,228.690,8745480.116,188.738,9960.000,17.694,6236.000,156916.000,1,1012649.657,36494.088,10.312,97.704,0.000,0.000,3,3,0,0,1723.528,1719.680,NA,NA,NA,NA,NA,1858.543,TARGET_GONE:1,MEASURED,,449.043,4,145976.350
2026-09-02T10:54:03Z,final-single-changing-measured-4-baseline,changing,BASELINE,MEASURED,4,2,8,1000000,12345,387661,NA,243.825,8202613.747,190.113,10088.000,NA,NA,NA,NA,NA,NA,NA,NA,NA,NA,NA,NA,NA,NA,NA,NA,NA,NA,NA,NA,NA,NA,NOT_RUN,MEASURED,,NA,0,NA
2026-09-02T10:54:03Z,final-single-changing-measured-5-baseline,changing,BASELINE,MEASURED,5,2,8,1000000,12345,387664,NA,132.557,15087842.060,179.978,10088.000,NA,NA,NA,NA,NA,NA,NA,NA,NA,NA,NA,NA,NA,NA,NA,NA,NA,NA,NA,NA,NA,NA,NOT_RUN,MEASURED,,NA,0,NA
2026-09-02T10:54:04Z,final-single-changing-measured-5-integrated,changing,INTEGRATED,MEASURED,5,2,8,1000000,12345,387667,APP_387667_68299873,121.606,16446603.572,186.530,10280.000,13.869,6260.000,156916.000,1,1008767.018,30506.609,5.176,62.910,0.000,0.000,3,2,0,0,553.087,550.965,NA,NA,NA,NA,NA,640.636,TARGET_GONE:1,MEASURED,Error: target PID 387667 is unavailable for one sample.,436.465,4,122026.438
2026-09-02T10:54:04Z,final-single-local-warmup-1-baseline,local,BASELINE,WARMUP,1,2,8,1000000,12345,387674,NA,42.722,46814243.919,166.581,9960.000,NA,NA,NA,NA,NA,NA,NA,NA,NA,NA,NA,NA,NA,NA,NA,NA,NA,NA,NA,NA,NA,NA,NOT_RUN,WARMUP,,NA,0,NA
2026-09-02T10:54:05Z,final-single-local-warmup-1-integrated,local,INTEGRATED,WARMUP,1,2,8,1000000,12345,387677,APP_387677_68299981,38.782,51570455.735,164.611,9960.000,14.731,5360.000,155976.000,1,1015678.119,32542.987,3.040,93.647,0.000,0.000,2,1,0,0,353.632,351.559,NA,NA,NA,NA,NA,469.515,TARGET_GONE:1,WARMUP,Error: target PID 387677 is unavailable for one sample.,809.582,4,130171.948
2026-09-02T10:54:06Z,final-single-local-warmup-2-integrated,local,INTEGRATED,WARMUP,2,2,8,1000000,12345,387683,APP_387683_68300084,117.675,16996017.476,171.194,10280.000,19.772,6288.000,156916.000,1,1007304.033,40585.290,10.035,457.926,0.000,0.000,3,2,0,0,1297.124,1293.322,NA,NA,NA,NA,NA,1800.782,TARGET_GONE:1,WARMUP,Error: target PID 387683 is unavailable for one sample.,423.067,4,162341.162
2026-09-02T10:54:06Z,final-single-local-warmup-2-baseline,local,BASELINE,WARMUP,2,2,8,1000000,12345,387689,NA,104.088,19214524.086,171.982,10024.000,NA,NA,NA,NA,NA,NA,NA,NA,NA,NA,NA,NA,NA,NA,NA,NA,NA,NA,NA,NA,NA,NA,NOT_RUN,WARMUP,,NA,0,NA
2026-09-02T10:54:06Z,final-single-local-warmup-3-baseline,local,BASELINE,WARMUP,3,2,8,1000000,12345,387692,NA,113.592,17606818.393,169.065,10088.000,NA,NA,NA,NA,NA,NA,NA,NA,NA,NA,NA,NA,NA,NA,NA,NA,NA,NA,NA,NA,NA,NA,NOT_RUN,WARMUP,,NA,0,NA
2026-09-02T10:54:07Z,final-single-local-warmup-3-integrated,local,INTEGRATED,WARMUP,3,2,8,1000000,12345,387695,APP_387695_68300213,112.202,17825038.530,180.951,10024.000,18.570,6232.000,156916.000,1,1021054.955,38899.327,8.238,117.042,0.000,0.000,3,2,0,0,1561.699,1556.297,NA,NA,NA,NA,NA,1719.690,TARGET_GONE:1,WARMUP,Error: target PID 387695 is unavailable for one sample.,422.885,4,155597.309
2026-09-02T10:54:08Z,final-single-local-warmup-4-integrated,local,INTEGRATED,WARMUP,4,2,8,1000000,12345,387701,APP_387701_68300317,112.056,17848206.800,176.249,10024.000,19.757,6252.000,156916.000,1,1010141.646,41504.262,9.205,106.603,0.000,0.000,3,2,0,0,1376.645,1372.075,NA,NA,NA,NA,NA,1521.879,TARGET_GONE:1,WARMUP,Error: target PID 387701 is unavailable for one sample.,428.609,4,166017.046
2026-09-02T10:54:09Z,final-single-local-warmup-4-baseline,local,BASELINE,WARMUP,4,2,8,1000000,12345,387707,NA,115.249,17353724.181,170.003,10024.000,NA,NA,NA,NA,NA,NA,NA,NA,NA,NA,NA,NA,NA,NA,NA,NA,NA,NA,NA,NA,NA,NA,NOT_RUN,WARMUP,,NA,0,NA
2026-09-02T10:54:09Z,final-single-local-warmup-5-baseline,local,BASELINE,WARMUP,5,2,8,1000000,12345,387710,NA,109.538,18258474.895,169.166,10216.000,NA,NA,NA,NA,NA,NA,NA,NA,NA,NA,NA,NA,NA,NA,NA,NA,NA,NA,NA,NA,NA,NA,NOT_RUN,WARMUP,,NA,0,NA
2026-09-02T10:54:10Z,final-single-local-warmup-5-integrated,local,INTEGRATED,WARMUP,5,2,8,1000000,12345,387713,APP_387713_68300447,112.528,17773283.742,177.476,10008.000,19.836,6200.000,156916.000,1,1004132.665,46355.554,9.396,96.606,0.000,0.000,3,2,0,0,1312.374,1308.388,NA,NA,NA,NA,NA,1447.858,TARGET_GONE:1,WARMUP,Error: target PID 387713 is unavailable for one sample.,825.709,4,185422.218
2026-09-02T10:54:10Z,final-single-local-measured-1-baseline,local,BASELINE,MEASURED,1,2,8,1000000,12345,387730,NA,106.159,18839721.109,179.265,10088.000,NA,NA,NA,NA,NA,NA,NA,NA,NA,NA,NA,NA,NA,NA,NA,NA,NA,NA,NA,NA,NA,NA,NOT_RUN,MEASURED,,NA,0,NA
2026-09-02T10:54:11Z,final-single-local-measured-1-integrated,local,INTEGRATED,MEASURED,1,2,8,1000000,12345,387733,APP_387733_68300563,121.963,16398474.800,177.564,10216.000,19.882,6392.000,156928.000,1,1002544.359,40130.330,10.259,121.722,0.000,0.000,3,2,0,0,1539.512,1534.865,NA,NA,NA,NA,NA,1709.883,TARGET_GONE:1,MEASURED,Error: target PID 387733 is unavailable for one sample.,783.053,4,160521.320
2026-09-02T10:54:12Z,final-single-local-measured-2-integrated,local,INTEGRATED,MEASURED,2,2,8,1000000,12345,387740,APP_387740_68300665,111.251,17977349.693,182.598,10088.000,15.670,6420.000,156928.000,1,1019200.702,31531.084,8.872,121.993,0.000,0.000,3,2,0,0,1155.795,1143.544,NA,NA,NA,NA,NA,1317.037,TARGET_GONE:1,MEASURED,Error: target PID 387740 is unavailable for one sample.,432.790,4,126124.337
2026-09-02T10:54:12Z,final-single-local-measured-2-baseline,local,BASELINE,MEASURED,2,2,8,1000000,12345,387746,NA,102.930,19430702.188,178.744,9960.000,NA,NA,NA,NA,NA,NA,NA,NA,NA,NA,NA,NA,NA,NA,NA,NA,NA,NA,NA,NA,NA,NA,NOT_RUN,MEASURED,,NA,0,NA
2026-09-02T10:54:12Z,final-single-local-measured-3-baseline,local,BASELINE,MEASURED,3,2,8,1000000,12345,387749,NA,94.515,21160748.300,182.507,10088.000,NA,NA,NA,NA,NA,NA,NA,NA,NA,NA,NA,NA,NA,NA,NA,NA,NA,NA,NA,NA,NA,NA,NOT_RUN,MEASURED,,NA,0,NA
2026-09-02T10:54:13Z,final-single-local-measured-3-integrated,local,INTEGRATED,MEASURED,3,2,8,1000000,12345,387752,APP_387752_68300792,103.650,19295732.960,176.598,10088.000,18.501,6320.000,156928.000,1,1022743.518,38605.956,7.897,111.691,0.000,0.000,3,2,0,0,971.270,967.705,NA,NA,NA,NA,NA,1116.589,TARGET_GONE:1,MEASURED,Error: target PID 387752 is unavailable for one sample.,834.774,4,154423.825
2026-09-02T10:54:14Z,final-single-local-measured-4-integrated,local,INTEGRATED,MEASURED,4,2,8,1000000,12345,387758,APP_387758_68300897,98.449,20315006.528,180.117,10216.000,16.750,5612.000,155980.000,1,1012473.950,36403.473,4.803,106.084,0.000,0.000,2,1,0,0,1093.166,1088.287,NA,NA,NA,NA,NA,1243.774,TARGET_GONE:1,MEASURED,Error: target PID 387758 is unavailable for one sample.,429.825,4,145613.890
2026-09-02T10:54:14Z,final-single-local-measured-4-baseline,local,BASELINE,MEASURED,4,2,8,1000000,12345,387764,NA,98.968,20208509.987,169.759,10088.000,NA,NA,NA,NA,NA,NA,NA,NA,NA,NA,NA,NA,NA,NA,NA,NA,NA,NA,NA,NA,NA,NA,NOT_RUN,MEASURED,,NA,0,NA
2026-09-02T10:54:14Z,final-single-local-measured-5-baseline,local,BASELINE,MEASURED,5,2,8,1000000,12345,387767,NA,94.132,21246783.794,172.325,10088.000,NA,NA,NA,NA,NA,NA,NA,NA,NA,NA,NA,NA,NA,NA,NA,NA,NA,NA,NA,NA,NA,NA,NOT_RUN,MEASURED,,NA,0,NA
2026-09-02T10:54:15Z,final-single-local-measured-5-integrated,local,INTEGRATED,MEASURED,5,2,8,1000000,12345,387770,APP_387770_68301023,87.944,22741764.909,173.433,10216.000,16.766,5468.000,155980.000,1,1011795.595,36804.147,3.909,114.448,0.000,0.000,2,1,0,0,741.954,739.240,NA,NA,NA,NA,NA,884.226,TARGET_GONE:1,MEASURED,Error: target PID 387770 is unavailable for one sample.,429.117,4,147216.587
