timestamp,run_id,workload,mode,run_type,run_index,threads,memory_mb,iterations,seed,benchmark_pid,app_id,benchmark_elapsed_ms,benchmark_throughput_ops_sec,benchmark_cpu_percent,benchmark_rss_kb,runtime_cpu_percent,runtime_rss_kb,runtime_vms_kb,runtime_cycle_count,runtime_cycle_total_us,discovery_us,scheduler_or_runtime_scan_us,queue_wait_us,queue_depth_mean,queue_depth_max,jobs_submitted,jobs_executed,jobs_deferred,queue_saturation_events,worker_execution_us,phase3_us,pipeline_serial_wait_us,phase4_us,phase5_us,phase6_us,coordinator_overhead_us,completion_latency_us,pipeline_statuses,status,notes
2026-08-20T15:16:56Z,sequential-warmup-1-baseline,sequential,BASELINE,WARMUP,1,2,8,1000000,12345,227737,NA,146.081,13691002.934,170.948,10056.000,NA,NA,NA,NA,NA,NA,NA,NA,NA,NA,NA,NA,NA,NA,NA,NA,NA,NA,NA,NA,NA,NA,NOT_RUN,WARMUP,
2026-08-20T15:16:56Z,sequential-warmup-1-integrated,sequential,INTEGRATED,WARMUP,1,2,8,1000000,12345,227740,APP_227740_46337241,140.390,14246024.252,185.099,10056.000,56.883,4496.000,154592.000,1,102369.849,50584.444,100.349,1798.558,0.000,0.000,1,1,0,0,1855.235,1852.044,187.025,3713.924,3950.095,3702.466,723.702,3711.737,INSUFFICIENT:1,WARMUP,
2026-08-20T15:16:56Z,sequential-warmup-2-baseline,sequential,BASELINE,WARMUP,2,2,8,1000000,12345,227749,NA,120.852,16549143.889,176.311,10052.000,NA,NA,NA,NA,NA,NA,NA,NA,NA,NA,NA,NA,NA,NA,NA,NA,NA,NA,NA,NA,NA,NA,NOT_RUN,WARMUP,
2026-08-20T15:16:57Z,sequential-warmup-2-integrated,sequential,INTEGRATED,WARMUP,2,2,8,1000000,12345,227752,APP_227752_46337273,114.064,17534039.972,178.894,10184.000,53.954,4368.000,154620.000,1,106943.274,48796.368,78.352,61.223,0.000,0.000,1,1,0,0,1611.695,1608.500,229.922,5059.383,8579.069,6696.459,1505.259,1712.415,INSUFFICIENT:1,WARMUP,
2026-08-20T15:16:57Z,sequential-warmup-3-baseline,sequential,BASELINE,WARMUP,3,2,8,1000000,12345,227761,NA,121.215,16499644.614,174.718,10056.000,NA,NA,NA,NA,NA,NA,NA,NA,NA,NA,NA,NA,NA,NA,NA,NA,NA,NA,NA,NA,NA,NA,NOT_RUN,WARMUP,
2026-08-20T15:16:57Z,sequential-warmup-3-integrated,sequential,INTEGRATED,WARMUP,3,2,8,1000000,12345,227766,APP_227766_46337301,121.770,16424370.385,165.578,9992.000,59.877,4620.000,154596.000,1,112822.102,52674.696,98.073,360.647,0.000,0.000,1,1,0,0,2432.948,2427.403,215.327,7129.723,5351.081,7466.770,731.067,2866.293,INSUFFICIENT:1,WARMUP,
2026-08-20T15:16:57Z,sequential-warmup-4-baseline,sequential,BASELINE,WARMUP,4,2,8,1000000,12345,227779,NA,111.255,17976644.525,179.759,10052.000,NA,NA,NA,NA,NA,NA,NA,NA,NA,NA,NA,NA,NA,NA,NA,NA,NA,NA,NA,NA,NA,NA,NOT_RUN,WARMUP,
2026-08-20T15:16:57Z,sequential-warmup-4-integrated,sequential,INTEGRATED,WARMUP,4,2,8,1000000,12345,227782,APP_227782_46337330,117.894,16964348.138,175.909,10056.000,48.862,4624.000,154596.000,1,98845.131,43095.368,108.516,402.495,0.000,0.000,1,1,0,0,2414.049,2408.917,225.022,4707.641,6595.020,4780.648,794.504,2891.904,INSUFFICIENT:1,WARMUP,
2026-08-20T15:16:57Z,sequential-warmup-5-baseline,sequential,BASELINE,WARMUP,5,2,8,1000000,12345,227791,NA,119.008,16805539.665,176.645,10056.000,NA,NA,NA,NA,NA,NA,NA,NA,NA,NA,NA,NA,NA,NA,NA,NA,NA,NA,NA,NA,NA,NA,NOT_RUN,WARMUP,
2026-08-20T15:16:57Z,sequential-warmup-5-integrated,sequential,INTEGRATED,WARMUP,5,2,8,1000000,12345,227794,APP_227794_46337359,128.032,15621150.241,173.338,10056.000,61.991,4624.000,154628.000,1,94528.175,40658.077,91.151,115.420,0.000,0.000,1,1,0,0,2018.626,2015.167,279.454,4709.173,4551.808,4067.747,759.479,2179.581,INSUFFICIENT:1,WARMUP,
2026-08-20T15:16:58Z,sequential-measured-1-baseline,sequential,BASELINE,MEASURED,1,2,8,1000000,12345,227804,NA,108.174,18488686.853,171.784,10056.000,NA,NA,NA,NA,NA,NA,NA,NA,NA,NA,NA,NA,NA,NA,NA,NA,NA,NA,NA,NA,NA,NA,NOT_RUN,MEASURED,
2026-08-20T15:16:58Z,sequential-measured-1-integrated,sequential,INTEGRATED,MEASURED,1,2,8,1000000,12345,227807,APP_227807_46337388,117.358,17041896.710,171.164,10052.000,66.556,4196.000,154596.000,1,103405.303,50747.951,93.362,509.364,0.000,0.000,1,1,0,0,2132.085,2126.691,219.056,4258.533,4968.222,3574.645,772.761,2710.384,INSUFFICIENT:1,MEASURED,
2026-08-20T15:16:58Z,sequential-measured-2-baseline,sequential,BASELINE,MEASURED,2,2,8,1000000,12345,227816,NA,127.286,15712600.451,163.801,10184.000,NA,NA,NA,NA,NA,NA,NA,NA,NA,NA,NA,NA,NA,NA,NA,NA,NA,NA,NA,NA,NA,NA,NOT_RUN,MEASURED,
2026-08-20T15:16:58Z,sequential-measured-2-integrated,sequential,INTEGRATED,MEASURED,2,2,8,1000000,12345,227819,APP_227819_46337417,124.452,16070497.672,165.058,10248.000,52.779,4624.000,154596.000,1,105955.508,48338.165,91.328,661.213,0.000,0.000,1,1,0,0,2482.126,2477.194,303.988,7789.135,7163.853,7014.919,778.111,3213.154,INSUFFICIENT:1,MEASURED,
2026-08-20T15:16:58Z,sequential-measured-3-baseline,sequential,BASELINE,MEASURED,3,2,8,1000000,12345,227828,NA,104.353,19165655.393,176.627,10056.000,NA,NA,NA,NA,NA,NA,NA,NA,NA,NA,NA,NA,NA,NA,NA,NA,NA,NA,NA,NA,NA,NA,NOT_RUN,MEASURED,
2026-08-20T15:16:58Z,sequential-measured-3-integrated,sequential,INTEGRATED,MEASURED,3,2,8,1000000,12345,227831,APP_227831_46337444,115.280,17349010.477,175.802,10248.000,56.727,4560.000,154628.000,1,102372.136,50594.280,62.933,134.092,0.000,0.000,1,1,0,0,1621.215,1618.152,255.335,3804.276,4316.789,4549.698,863.982,1796.570,INSUFFICIENT:1,MEASURED,
2026-08-20T15:16:58Z,sequential-measured-4-baseline,sequential,BASELINE,MEASURED,4,2,8,1000000,12345,227840,NA,126.280,15837863.109,168.013,10248.000,NA,NA,NA,NA,NA,NA,NA,NA,NA,NA,NA,NA,NA,NA,NA,NA,NA,NA,NA,NA,NA,NA,NOT_RUN,MEASURED,
2026-08-20T15:16:59Z,sequential-measured-4-integrated,sequential,INTEGRATED,MEASURED,4,2,8,1000000,12345,227843,APP_227843_46337473,121.969,16397647.143,179.748,10056.000,52.599,4496.000,154596.000,1,90830.484,38301.739,73.665,61.017,0.000,0.000,1,1,0,0,1899.684,1896.339,288.010,5380.295,5331.292,5307.599,809.830,1998.474,INSUFFICIENT:1,MEASURED,
2026-08-20T15:16:59Z,sequential-measured-5-baseline,sequential,BASELINE,MEASURED,5,2,8,1000000,12345,227852,NA,142.199,14064749.637,172.388,10056.000,NA,NA,NA,NA,NA,NA,NA,NA,NA,NA,NA,NA,NA,NA,NA,NA,NA,NA,NA,NA,NA,NA,NOT_RUN,MEASURED,
2026-08-20T15:16:59Z,sequential-measured-5-integrated,sequential,INTEGRATED,MEASURED,5,2,8,1000000,12345,227855,APP_227855_46337504,139.840,14302021.657,168.532,10056.000,52.927,4624.000,154628.000,1,92947.356,40068.357,86.747,75.670,0.000,0.000,1,1,0,0,2379.375,2374.011,200.245,5169.426,3819.319,3226.836,713.263,2516.161,INSUFFICIENT:1,MEASURED,
2026-08-20T15:16:59Z,random-warmup-1-baseline,random,BASELINE,WARMUP,1,2,8,1000000,12345,227864,NA,220.958,9051479.079,180.295,10184.000,NA,NA,NA,NA,NA,NA,NA,NA,NA,NA,NA,NA,NA,NA,NA,NA,NA,NA,NA,NA,NA,NA,NOT_RUN,WARMUP,
2026-08-20T15:16:59Z,random-warmup-1-integrated,random,INTEGRATED,WARMUP,1,2,8,1000000,12345,227867,APP_227867_46337545,193.605,10330294.590,181.335,10056.000,66.594,4624.000,154596.000,1,102056.700,51611.413,103.895,498.650,0.000,0.000,1,1,0,0,2448.801,2443.376,247.943,3303.140,3583.687,3388.857,623.740,3018.269,INSUFFICIENT:1,WARMUP,
2026-08-20T15:17:00Z,random-warmup-2-baseline,random,BASELINE,WARMUP,2,2,8,1000000,12345,227876,NA,215.369,9286396.561,182.390,9928.000,NA,NA,NA,NA,NA,NA,NA,NA,NA,NA,NA,NA,NA,NA,NA,NA,NA,NA,NA,NA,NA,NA,NOT_RUN,WARMUP,
2026-08-20T15:17:00Z,random-warmup-2-integrated,random,INTEGRATED,WARMUP,2,2,8,1000000,12345,227879,APP_227879_46337591,216.665,9230849.312,178.328,10184.000,60.607,4620.000,154596.000,1,96084.272,46064.215,134.286,55.994,0.000,0.000,1,1,0,0,2154.914,2150.269,233.766,3665.062,5302.006,4502.766,877.408,2317.216,INSUFFICIENT:1,WARMUP,
2026-08-20T15:17:00Z,random-warmup-3-baseline,random,BASELINE,WARMUP,3,2,8,1000000,12345,227888,NA,242.370,8251843.491,184.097,10184.000,NA,NA,NA,NA,NA,NA,NA,NA,NA,NA,NA,NA,NA,NA,NA,NA,NA,NA,NA,NA,NA,NA,NOT_RUN,WARMUP,
2026-08-20T15:17:00Z,random-warmup-3-integrated,random,INTEGRATED,WARMUP,3,2,8,1000000,12345,227891,APP_227891_46337642,248.673,8042698.687,183.082,10056.000,63.426,4496.000,154596.000,1,106406.356,57079.102,121.571,477.363,0.000,0.000,1,1,0,0,2786.854,2780.767,238.645,3874.000,4198.504,3521.893,764.519,3342.576,INSUFFICIENT:1,WARMUP,
2026-08-20T15:17:01Z,random-warmup-4-baseline,random,BASELINE,WARMUP,4,2,8,1000000,12345,227900,NA,202.752,9864279.839,178.587,10056.000,NA,NA,NA,NA,NA,NA,NA,NA,NA,NA,NA,NA,NA,NA,NA,NA,NA,NA,NA,NA,NA,NA,NOT_RUN,WARMUP,
2026-08-20T15:17:01Z,random-warmup-4-integrated,random,INTEGRATED,WARMUP,4,2,8,1000000,12345,227903,APP_227903_46337692,192.520,10388553.024,186.951,10184.000,54.118,4496.000,154596.000,1,91449.372,39851.650,113.038,164.616,0.000,0.000,1,1,0,0,2654.699,2649.404,269.982,3826.535,4041.450,3485.675,789.478,2889.041,INSUFFICIENT:1,WARMUP,
2026-08-20T15:17:01Z,random-warmup-5-baseline,random,BASELINE,WARMUP,5,2,8,1000000,12345,227912,NA,281.378,7107876.035,186.117,10056.000,NA,NA,NA,NA,NA,NA,NA,NA,NA,NA,NA,NA,NA,NA,NA,NA,NA,NA,NA,NA,NA,NA,NOT_RUN,WARMUP,
2026-08-20T15:17:01Z,random-warmup-5-integrated,random,INTEGRATED,WARMUP,5,2,8,1000000,12345,227915,APP_227915_46337745,238.258,8394252.487,185.140,10056.000,54.147,4484.000,154628.000,1,107597.807,49631.092,113.085,451.883,0.000,0.000,1,1,0,0,2290.726,2286.964,262.011,4665.223,4941.413,4205.632,846.516,2807.472,INSUFFICIENT:1,WARMUP,
2026-08-20T15:17:02Z,random-measured-1-baseline,random,BASELINE,MEASURED,1,2,8,1000000,12345,227924,NA,220.628,9065044.664,178.997,10056.000,NA,NA,NA,NA,NA,NA,NA,NA,NA,NA,NA,NA,NA,NA,NA,NA,NA,NA,NA,NA,NA,NA,NOT_RUN,MEASURED,
2026-08-20T15:17:02Z,random-measured-1-integrated,random,INTEGRATED,MEASURED,1,2,8,1000000,12345,227927,APP_227927_46337796,226.751,8820246.555,176.193,10056.000,63.710,4624.000,154596.000,1,107246.970,55022.632,80.711,79.572,0.000,0.000,1,1,0,0,2471.293,2466.215,244.088,4768.818,4824.830,3800.025,737.057,2612.101,INSUFFICIENT:1,MEASURED,
2026-08-20T15:17:02Z,random-measured-2-baseline,random,BASELINE,MEASURED,2,2,8,1000000,12345,227936,NA,205.816,9717396.347,174.648,10056.000,NA,NA,NA,NA,NA,NA,NA,NA,NA,NA,NA,NA,NA,NA,NA,NA,NA,NA,NA,NA,NA,NA,NOT_RUN,MEASURED,
2026-08-20T15:17:02Z,random-measured-2-integrated,random,INTEGRATED,MEASURED,2,2,8,1000000,12345,227939,APP_227939_46337844,211.473,9457468.446,189.240,9992.000,57.460,4688.000,154628.000,1,101455.362,46364.822,110.042,795.619,0.000,0.000,1,1,0,0,2776.828,2771.497,302.264,4411.794,5367.154,3932.289,915.142,3647.076,INSUFFICIENT:1,MEASURED,
2026-08-20T15:17:03Z,random-measured-3-baseline,random,BASELINE,MEASURED,3,2,8,1000000,12345,227948,NA,192.263,10402435.539,177.985,10056.000,NA,NA,NA,NA,NA,NA,NA,NA,NA,NA,NA,NA,NA,NA,NA,NA,NA,NA,NA,NA,NA,NA,NOT_RUN,MEASURED,
2026-08-20T15:17:03Z,random-measured-3-integrated,random,INTEGRATED,MEASURED,3,2,8,1000000,12345,227951,APP_227951_46337889,218.452,9155325.210,183.109,10184.000,46.978,4624.000,154596.000,1,103382.408,47016.523,63.875,78.746,0.000,0.000,1,1,0,0,2518.034,2512.391,303.797,6163.822,7166.685,7461.209,857.312,2652.182,INSUFFICIENT:1,MEASURED,
2026-08-20T15:17:03Z,random-measured-4-baseline,random,BASELINE,MEASURED,4,2,8,1000000,12345,227960,NA,227.054,8808482.361,180.004,10248.000,NA,NA,NA,NA,NA,NA,NA,NA,NA,NA,NA,NA,NA,NA,NA,NA,NA,NA,NA,NA,NA,NA,NOT_RUN,MEASURED,
2026-08-20T15:17:03Z,random-measured-4-integrated,random,INTEGRATED,MEASURED,4,2,8,1000000,12345,227963,APP_227963_46337939,262.493,7619249.290,168.321,10184.000,55.211,4240.000,154628.000,1,108001.750,53922.022,76.265,107.756,0.000,0.000,1,1,0,0,1970.681,1967.100,277.280,5580.871,5376.544,4801.268,848.872,2124.983,INSUFFICIENT:1,MEASURED,
2026-08-20T15:17:04Z,random-measured-5-baseline,random,BASELINE,MEASURED,5,2,8,1000000,12345,227972,NA,188.671,10600456.274,178.856,10056.000,NA,NA,NA,NA,NA,NA,NA,NA,NA,NA,NA,NA,NA,NA,NA,NA,NA,NA,NA,NA,NA,NA,NOT_RUN,MEASURED,
2026-08-20T15:17:04Z,random-measured-5-integrated,random,INTEGRATED,MEASURED,5,2,8,1000000,12345,227975,APP_227975_46337989,205.850,9715804.933,180.122,10056.000,53.178,4624.000,154628.000,1,110385.769,49962.825,116.325,74.972,0.000,0.000,1,1,0,0,2583.031,2577.667,278.950,6345.139,6270.263,5522.021,1045.631,2735.893,INSUFFICIENT:1,MEASURED,
2026-08-20T15:17:04Z,hot-warmup-1-baseline,hot,BASELINE,WARMUP,1,2,8,1000000,12345,227984,NA,134.266,14895781.885,174.875,10056.000,NA,NA,NA,NA,NA,NA,NA,NA,NA,NA,NA,NA,NA,NA,NA,NA,NA,NA,NA,NA,NA,NA,NOT_RUN,WARMUP,
2026-08-20T15:17:04Z,hot-warmup-1-integrated,hot,INTEGRATED,WARMUP,1,2,8,1000000,12345,227987,APP_227987_46338028,164.561,12153581.601,166.664,10248.000,60.961,4624.000,154628.000,1,111670.470,58258.878,93.600,382.724,0.000,0.000,1,1,0,0,2169.979,2165.077,249.821,3633.509,4041.640,3264.539,771.011,2629.725,INSUFFICIENT:1,WARMUP,
2026-08-20T15:17:04Z,hot-warmup-2-baseline,hot,BASELINE,WARMUP,2,2,8,1000000,12345,227996,NA,136.056,14699853.035,178.883,10056.000,NA,NA,NA,NA,NA,NA,NA,NA,NA,NA,NA,NA,NA,NA,NA,NA,NA,NA,NA,NA,NA,NA,NOT_RUN,WARMUP,
2026-08-20T15:17:04Z,hot-warmup-2-integrated,hot,INTEGRATED,WARMUP,2,2,8,1000000,12345,227999,APP_227999_46338063,124.643,16045842.844,181.286,9928.000,54.161,4624.000,154596.000,1,90423.627,39104.473,63.411,76.308,0.000,0.000,1,1,0,0,1592.615,1589.286,261.418,4902.430,5518.419,4713.128,863.477,1707.350,INSUFFICIENT:1,WARMUP,
2026-08-20T15:17:05Z,hot-warmup-3-baseline,hot,BASELINE,WARMUP,3,2,8,1000000,12345,228008,NA,145.702,13726679.667,180.646,10056.000,NA,NA,NA,NA,NA,NA,NA,NA,NA,NA,NA,NA,NA,NA,NA,NA,NA,NA,NA,NA,NA,NA,NOT_RUN,WARMUP,
2026-08-20T15:17:05Z,hot-warmup-3-integrated,hot,INTEGRATED,WARMUP,3,2,8,1000000,12345,228011,APP_228011_46338095,153.108,13062642.208,174.998,10248.000,45.428,4368.000,154628.000,1,102416.720,49696.997,59.444,83.717,0.000,0.000,1,1,0,0,1759.496,1756.149,226.427,7598.329,5412.168,4178.646,881.643,1880.393,INSUFFICIENT:1,WARMUP,
2026-08-20T15:17:05Z,hot-warmup-4-baseline,hot,BASELINE,WARMUP,4,2,8,1000000,12345,228020,NA,125.495,15936951.888,179.083,9928.000,NA,NA,NA,NA,NA,NA,NA,NA,NA,NA,NA,NA,NA,NA,NA,NA,NA,NA,NA,NA,NA,NA,NOT_RUN,WARMUP,
2026-08-20T15:17:05Z,hot-warmup-4-integrated,hot,INTEGRATED,WARMUP,4,2,8,1000000,12345,228023,APP_228023_46338127,151.538,13198032.122,182.948,10052.000,61.558,4576.000,154628.000,1,95290.675,47835.424,63.048,83.925,0.000,0.000,1,1,0,0,2406.726,2401.107,250.203,3696.898,4452.672,3027.155,686.869,2546.229,INSUFFICIENT:1,WARMUP,
2026-08-20T15:17:05Z,hot-warmup-5-baseline,hot,BASELINE,WARMUP,5,2,8,1000000,12345,228032,NA,139.068,14381503.938,180.724,10056.000,NA,NA,NA,NA,NA,NA,NA,NA,NA,NA,NA,NA,NA,NA,NA,NA,NA,NA,NA,NA,NA,NA,NOT_RUN,WARMUP,
2026-08-20T15:17:05Z,hot-warmup-5-integrated,hot,INTEGRATED,WARMUP,5,2,8,1000000,12345,228035,APP_228035_46338161,128.764,15532263.651,183.409,9864.000,46.613,4580.000,154628.000,1,83584.559,34997.603,76.557,59.228,0.000,0.000,1,1,0,0,2451.030,2445.700,262.650,3403.768,4615.916,4742.874,656.880,2586.856,INSUFFICIENT:1,WARMUP,
2026-08-20T15:17:06Z,hot-measured-1-baseline,hot,BASELINE,MEASURED,1,2,8,1000000,12345,228044,NA,138.372,14453797.913,180.852,10056.000,NA,NA,NA,NA,NA,NA,NA,NA,NA,NA,NA,NA,NA,NA,NA,NA,NA,NA,NA,NA,NA,NA,NOT_RUN,MEASURED,
2026-08-20T15:17:06Z,hot-measured-1-integrated,hot,INTEGRATED,MEASURED,1,2,8,1000000,12345,228047,APP_228047_46338192,136.103,14694723.981,187.317,10056.000,53.649,4624.000,154596.000,1,90758.051,44526.732,65.985,59.430,0.000,0.000,1,1,0,0,1776.041,1772.743,209.358,3299.594,3517.815,3246.561,589.971,1873.064,INSUFFICIENT:1,MEASURED,
2026-08-20T15:17:06Z,hot-measured-2-baseline,hot,BASELINE,MEASURED,2,2,8,1000000,12345,228056,NA,167.129,11966812.318,182.316,10056.000,NA,NA,NA,NA,NA,NA,NA,NA,NA,NA,NA,NA,NA,NA,NA,NA,NA,NA,NA,NA,NA,NA,NOT_RUN,MEASURED,
2026-08-20T15:17:06Z,hot-measured-2-integrated,hot,INTEGRATED,MEASURED,2,2,8,1000000,12345,228059,APP_228059_46338228,164.139,12184804.321,166.284,10184.000,52.735,4576.000,154628.000,1,92033.457,45491.537,68.142,73.449,0.000,0.000,1,1,0,0,1628.475,1625.199,246.922,3578.643,3655.236,3300.046,685.917,1741.035,INSUFFICIENT:1,MEASURED,
2026-08-20T15:17:06Z,hot-measured-3-baseline,hot,BASELINE,MEASURED,3,2,8,1000000,12345,228068,NA,138.615,14428434.175,174.556,10056.000,NA,NA,NA,NA,NA,NA,NA,NA,NA,NA,NA,NA,NA,NA,NA,NA,NA,NA,NA,NA,NA,NA,NOT_RUN,MEASURED,
2026-08-20T15:17:06Z,hot-measured-3-integrated,hot,INTEGRATED,MEASURED,3,2,8,1000000,12345,228071,APP_228071_46338263,152.488,13115772.485,171.962,10056.000,56.181,4688.000,154628.000,1,101771.560,46937.375,75.839,113.603,0.000,0.000,1,1,0,0,2146.056,2142.710,230.367,3815.713,5735.588,5776.699,798.779,2305.482,INSUFFICIENT:1,MEASURED,
2026-08-20T15:17:07Z,hot-measured-4-baseline,hot,BASELINE,MEASURED,4,2,8,1000000,12345,228080,NA,133.786,14949245.407,177.271,10056.000,NA,NA,NA,NA,NA,NA,NA,NA,NA,NA,NA,NA,NA,NA,NA,NA,NA,NA,NA,NA,NA,NA,NOT_RUN,MEASURED,
2026-08-20T15:17:07Z,hot-measured-4-integrated,hot,INTEGRATED,MEASURED,4,2,8,1000000,12345,228083,APP_228083_46338297,149.945,13338267.247,174.117,10056.000,59.543,4432.000,154596.000,1,99894.667,50341.338,75.140,122.528,0.000,0.000,1,1,0,0,1864.567,1858.990,216.959,3420.730,3777.718,2988.523,754.169,2044.352,INSUFFICIENT:1,MEASURED,
2026-08-20T15:17:07Z,hot-measured-5-baseline,hot,BASELINE,MEASURED,5,2,8,1000000,12345,228092,NA,130.095,15373336.322,176.685,10056.000,NA,NA,NA,NA,NA,NA,NA,NA,NA,NA,NA,NA,NA,NA,NA,NA,NA,NA,NA,NA,NA,NA,NOT_RUN,MEASURED,
2026-08-20T15:17:07Z,hot-measured-5-integrated,hot,INTEGRATED,MEASURED,5,2,8,1000000,12345,228095,APP_228095_46338329,151.805,13174812.411,177.937,10184.000,52.132,4496.000,154620.000,1,94146.246,43279.047,67.352,84.721,0.000,0.000,1,1,0,0,2294.016,2288.433,195.263,3799.537,3904.800,3337.599,671.068,2428.188,INSUFFICIENT:1,MEASURED,
2026-08-20T15:17:07Z,moderate-warmup-1-baseline,moderate,BASELINE,WARMUP,1,2,8,1000000,12345,228104,NA,229.356,8720054.032,186.846,9992.000,NA,NA,NA,NA,NA,NA,NA,NA,NA,NA,NA,NA,NA,NA,NA,NA,NA,NA,NA,NA,NA,NA,NOT_RUN,WARMUP,
2026-08-20T15:17:08Z,moderate-warmup-1-integrated,moderate,INTEGRATED,WARMUP,1,2,8,1000000,12345,228107,APP_228107_46338372,242.363,8252095.272,179.769,10056.000,55.384,4688.000,154592.000,1,105664.352,53767.786,76.146,70.998,0.000,0.000,1,1,0,0,1936.313,1932.743,224.170,3828.527,4019.836,3632.267,730.632,2048.278,INSUFFICIENT:1,WARMUP,
2026-08-20T15:17:08Z,moderate-warmup-2-baseline,moderate,BASELINE,WARMUP,2,2,8,1000000,12345,228116,NA,208.145,9608687.591,190.314,9992.000,NA,NA,NA,NA,NA,NA,NA,NA,NA,NA,NA,NA,NA,NA,NA,NA,NA,NA,NA,NA,NA,NA,NOT_RUN,WARMUP,
2026-08-20T15:17:08Z,moderate-warmup-2-integrated,moderate,INTEGRATED,WARMUP,2,2,8,1000000,12345,228119,APP_228119_46338423,255.220,7836374.279,187.836,10056.000,54.707,4624.000,154592.000,1,106843.744,54120.433,76.613,76.559,0.000,0.000,1,1,0,0,2374.324,2370.566,242.438,4503.367,4706.348,3821.192,912.903,2495.048,INSUFFICIENT:1,WARMUP,
2026-08-20T15:17:08Z,moderate-warmup-3-baseline,moderate,BASELINE,WARMUP,3,2,8,1000000,12345,228128,NA,213.844,9352593.379,183.973,10184.000,NA,NA,NA,NA,NA,NA,NA,NA,NA,NA,NA,NA,NA,NA,NA,NA,NA,NA,NA,NA,NA,NA,NOT_RUN,WARMUP,
2026-08-20T15:17:09Z,moderate-warmup-3-integrated,moderate,INTEGRATED,WARMUP,3,2,8,1000000,12345,228131,APP_228131_46338475,237.965,8404601.553,180.373,10052.000,55.377,4492.000,154620.000,1,121802.338,53858.487,87.112,133.870,0.000,0.000,1,1,0,0,1792.356,1788.396,253.949,9377.636,7855.493,7775.706,844.782,1975.571,INSUFFICIENT:1,WARMUP,
2026-08-20T15:17:09Z,moderate-warmup-4-baseline,moderate,BASELINE,WARMUP,4,2,8,1000000,12345,228140,NA,209.291,9556084.974,182.696,10056.000,NA,NA,NA,NA,NA,NA,NA,NA,NA,NA,NA,NA,NA,NA,NA,NA,NA,NA,NA,NA,NA,NA,NOT_RUN,WARMUP,
2026-08-20T15:17:09Z,moderate-warmup-4-integrated,moderate,INTEGRATED,WARMUP,4,2,8,1000000,12345,228143,APP_228143_46338525,212.171,9426355.684,183.956,10056.000,61.692,4240.000,154620.000,1,95083.105,43248.463,82.708,74.256,0.000,0.000,1,1,0,0,2789.821,2785.921,310.757,4116.712,4423.429,3797.851,836.918,2911.484,INSUFFICIENT:1,WARMUP,
2026-08-20T15:17:09Z,moderate-warmup-5-baseline,moderate,BASELINE,WARMUP,5,2,8,1000000,12345,228152,NA,216.773,9226261.960,179.427,9992.000,NA,NA,NA,NA,NA,NA,NA,NA,NA,NA,NA,NA,NA,NA,NA,NA,NA,NA,NA,NA,NA,NA,NOT_RUN,WARMUP,
2026-08-20T15:17:10Z,moderate-warmup-5-integrated,moderate,INTEGRATED,WARMUP,5,2,8,1000000,12345,228155,APP_228155_46338573,256.956,7783426.591,183.071,10056.000,55.466,4624.000,154592.000,1,105869.315,53664.347,128.192,581.735,0.000,0.000,1,1,0,0,1905.952,1902.084,307.277,4427.593,5790.238,3908.264,804.725,2555.497,INSUFFICIENT:1,WARMUP,
2026-08-20T15:17:10Z,moderate-measured-1-baseline,moderate,BASELINE,MEASURED,1,2,8,1000000,12345,228164,NA,260.749,7670206.994,179.351,10056.000,NA,NA,NA,NA,NA,NA,NA,NA,NA,NA,NA,NA,NA,NA,NA,NA,NA,NA,NA,NA,NA,NA,NOT_RUN,MEASURED,
2026-08-20T15:17:10Z,moderate-measured-1-integrated,moderate,INTEGRATED,MEASURED,1,2,8,1000000,12345,228167,APP_228167_46338630,272.687,7334419.045,176.362,10056.000,57.038,4624.000,154592.000,1,102618.025,49844.394,89.513,77.378,0.000,0.000,1,1,0,0,2147.284,2143.381,265.634,4563.506,4472.478,3743.168,851.580,2296.214,INSUFFICIENT:1,MEASURED,
2026-08-20T15:17:11Z,moderate-measured-2-baseline,moderate,BASELINE,MEASURED,2,2,8,1000000,12345,228176,NA,232.417,8605219.881,183.463,10056.000,NA,NA,NA,NA,NA,NA,NA,NA,NA,NA,NA,NA,NA,NA,NA,NA,NA,NA,NA,NA,NA,NA,NOT_RUN,MEASURED,
2026-08-20T15:17:11Z,moderate-measured-2-integrated,moderate,INTEGRATED,MEASURED,2,2,8,1000000,12345,228179,APP_228179_46338686,247.290,8087680.518,187.168,10120.000,51.833,4368.000,154620.000,1,111914.864,41776.082,76.678,91.359,0.000,0.000,1,1,0,0,1935.547,1931.759,246.007,6479.339,6312.849,15945.745,959.503,2071.952,INSUFFICIENT:1,MEASURED,
2026-08-20T15:17:11Z,moderate-measured-3-baseline,moderate,BASELINE,MEASURED,3,2,8,1000000,12345,228188,NA,228.976,8734547.379,186.433,10056.000,NA,NA,NA,NA,NA,NA,NA,NA,NA,NA,NA,NA,NA,NA,NA,NA,NA,NA,NA,NA,NA,NA,NOT_RUN,MEASURED,
2026-08-20T15:17:11Z,moderate-measured-3-integrated,moderate,INTEGRATED,MEASURED,3,2,8,1000000,12345,228191,APP_228191_46338738,222.746,8978833.375,190.753,9928.000,53.666,4496.000,154620.000,1,92161.420,40779.729,100.738,2295.152,0.000,0.000,1,1,0,0,2465.741,2460.231,245.111,4110.207,4316.155,3982.634,890.796,4835.221,INSUFFICIENT:1,MEASURED,
2026-08-20T15:17:12Z,moderate-measured-4-baseline,moderate,BASELINE,MEASURED,4,2,8,1000000,12345,228200,NA,206.548,9682961.116,184.255,10056.000,NA,NA,NA,NA,NA,NA,NA,NA,NA,NA,NA,NA,NA,NA,NA,NA,NA,NA,NA,NA,NA,NA,NOT_RUN,MEASURED,
2026-08-20T15:17:12Z,moderate-measured-4-integrated,moderate,INTEGRATED,MEASURED,4,2,8,1000000,12345,228203,APP_228203_46338786,242.534,8246258.989,169.606,10056.000,52.518,4368.000,154620.000,1,109576.644,53364.178,95.031,60.670,0.000,0.000,1,1,0,0,1635.782,1632.403,190.209,3834.731,11778.904,5115.359,805.944,1756.472,INSUFFICIENT:1,MEASURED,
2026-08-20T15:17:12Z,moderate-measured-5-baseline,moderate,BASELINE,MEASURED,5,2,8,1000000,12345,228212,NA,231.553,8637334.207,182.263,10056.000,NA,NA,NA,NA,NA,NA,NA,NA,NA,NA,NA,NA,NA,NA,NA,NA,NA,NA,NA,NA,NA,NA,NOT_RUN,MEASURED,
2026-08-20T15:17:12Z,moderate-measured-5-integrated,moderate,INTEGRATED,MEASURED,5,2,8,1000000,12345,228216,APP_228216_46338838,219.191,9124445.409,184.934,10056.000,67.828,4572.000,154620.000,1,101019.007,50339.742,83.707,376.309,0.000,0.000,1,1,0,0,2347.288,2342.296,280.575,3713.557,3690.254,3287.228,806.494,2785.363,INSUFFICIENT:1,MEASURED,
2026-08-20T15:17:13Z,cold-warmup-1-baseline,cold,BASELINE,WARMUP,1,2,8,1000000,12345,228225,NA,227.395,8795283.772,169.001,10184.000,NA,NA,NA,NA,NA,NA,NA,NA,NA,NA,NA,NA,NA,NA,NA,NA,NA,NA,NA,NA,NA,NA,NOT_RUN,WARMUP,
2026-08-20T15:17:13Z,cold-warmup-1-integrated,cold,INTEGRATED,WARMUP,1,2,8,1000000,12345,228228,APP_228228_46338888,272.952,7327301.950,174.876,10184.000,62.529,4496.000,154620.000,1,106270.430,54787.467,108.190,396.959,0.000,0.000,1,1,0,0,2136.966,2132.240,244.917,3693.779,4854.095,3941.244,691.420,2596.366,INSUFFICIENT:1,WARMUP,
2026-08-20T15:17:13Z,cold-warmup-2-baseline,cold,BASELINE,WARMUP,2,2,8,1000000,12345,228237,NA,209.609,9541577.669,183.389,10184.000,NA,NA,NA,NA,NA,NA,NA,NA,NA,NA,NA,NA,NA,NA,NA,NA,NA,NA,NA,NA,NA,NA,NOT_RUN,WARMUP,
2026-08-20T15:17:13Z,cold-warmup-2-integrated,cold,INTEGRATED,WARMUP,2,2,8,1000000,12345,228240,APP_228240_46338942,279.347,7159561.012,171.572,10180.000,58.176,4368.000,154620.000,1,98147.321,47184.209,64.683,108.000,0.000,0.000,1,1,0,0,1898.393,1893.651,185.741,4002.790,5797.368,4904.647,796.996,2067.071,INSUFFICIENT:1,WARMUP,
2026-08-20T15:17:14Z,cold-warmup-3-baseline,cold,BASELINE,WARMUP,3,2,8,1000000,12345,228249,NA,232.685,8595297.331,181.185,10056.000,NA,NA,NA,NA,NA,NA,NA,NA,NA,NA,NA,NA,NA,NA,NA,NA,NA,NA,NA,NA,NA,NA,NOT_RUN,WARMUP,
2026-08-20T15:17:14Z,cold-warmup-3-integrated,cold,INTEGRATED,WARMUP,3,2,8,1000000,12345,228252,APP_228252_46338998,216.563,9235167.358,181.063,10184.000,49.314,4496.000,154620.000,1,99414.485,47089.179,83.729,70.562,0.000,0.000,1,1,0,0,2233.751,2229.342,289.456,3993.395,4255.733,3457.587,822.480,2355.778,INSUFFICIENT:1,WARMUP,
2026-08-20T15:17:14Z,cold-warmup-4-baseline,cold,BASELINE,WARMUP,4,2,8,1000000,12345,228261,NA,208.818,9577706.699,178.266,10056.000,NA,NA,NA,NA,NA,NA,NA,NA,NA,NA,NA,NA,NA,NA,NA,NA,NA,NA,NA,NA,NA,NA,NOT_RUN,WARMUP,
2026-08-20T15:17:14Z,cold-warmup-4-integrated,cold,INTEGRATED,WARMUP,4,2,8,1000000,12345,228264,APP_228264_46339046,214.496,9324176.246,188.709,10056.000,53.767,4368.000,154620.000,1,90804.452,36511.659,69.875,60.901,0.000,0.000,1,1,0,0,1609.087,1605.795,258.980,4995.796,5435.077,4936.812,872.173,1707.460,INSUFFICIENT:1,WARMUP,
2026-08-20T15:17:15Z,cold-warmup-5-baseline,cold,BASELINE,WARMUP,5,2,8,1000000,12345,228273,NA,251.587,7949546.929,177.451,10120.000,NA,NA,NA,NA,NA,NA,NA,NA,NA,NA,NA,NA,NA,NA,NA,NA,NA,NA,NA,NA,NA,NA,NOT_RUN,WARMUP,
2026-08-20T15:17:15Z,cold-warmup-5-integrated,cold,INTEGRATED,WARMUP,5,2,8,1000000,12345,228276,APP_228276_46339098,322.520,6201163.762,177.225,10056.000,48.233,4496.000,154592.000,1,100137.071,42523.480,99.223,753.512,0.000,0.000,1,1,0,0,2142.823,2138.163,286.461,8106.825,4079.859,4828.881,841.577,2963.569,INSUFFICIENT:1,WARMUP,
2026-08-20T15:17:15Z,cold-measured-1-baseline,cold,BASELINE,MEASURED,1,2,8,1000000,12345,228285,NA,388.279,5150934.711,152.089,9992.000,NA,NA,NA,NA,NA,NA,NA,NA,NA,NA,NA,NA,NA,NA,NA,NA,NA,NA,NA,NA,NA,NA,NOT_RUN,MEASURED,
2026-08-20T15:17:16Z,cold-measured-1-integrated,cold,INTEGRATED,MEASURED,1,2,8,1000000,12345,228288,APP_228288_46339175,334.971,5970671.072,161.326,10056.000,54.094,4624.000,154592.000,1,145983.751,58894.913,123.400,813.307,0.000,0.000,1,1,0,0,2802.918,2796.485,289.302,14290.550,18189.123,12598.359,1076.333,3698.333,INSUFFICIENT:1,MEASURED,
2026-08-20T15:17:16Z,cold-measured-2-baseline,cold,BASELINE,MEASURED,2,2,8,1000000,12345,228297,NA,232.084,8617572.657,183.708,10056.000,NA,NA,NA,NA,NA,NA,NA,NA,NA,NA,NA,NA,NA,NA,NA,NA,NA,NA,NA,NA,NA,NA,NOT_RUN,MEASURED,
2026-08-20T15:17:16Z,cold-measured-2-integrated,cold,INTEGRATED,MEASURED,2,2,8,1000000,12345,228300,APP_228300_46339237,331.308,6036686.969,168.614,9992.000,55.299,4624.000,154592.000,1,104439.967,53147.431,57.230,77.751,0.000,0.000,1,1,0,0,2606.497,2600.677,272.417,4237.846,5723.865,5414.087,918.433,2743.191,INSUFFICIENT:1,MEASURED,
2026-08-20T15:17:17Z,cold-measured-3-baseline,cold,BASELINE,MEASURED,3,2,8,1000000,12345,228309,NA,267.831,7467394.648,181.379,10184.000,NA,NA,NA,NA,NA,NA,NA,NA,NA,NA,NA,NA,NA,NA,NA,NA,NA,NA,NA,NA,NA,NA,NOT_RUN,MEASURED,
2026-08-20T15:17:17Z,cold-measured-3-integrated,cold,INTEGRATED,MEASURED,3,2,8,1000000,12345,228312,APP_228312_46339303,263.968,7576677.253,185.748,10056.000,56.860,4624.000,154620.000,1,118766.398,61630.087,85.290,357.689,0.000,0.000,1,1,0,0,2254.875,2249.640,213.546,4832.929,5731.427,3744.309,1987.887,2676.045,INSUFFICIENT:1,MEASURED,
2026-08-20T15:17:17Z,cold-measured-4-baseline,cold,BASELINE,MEASURED,4,2,8,1000000,12345,228321,NA,265.829,7523621.303,172.743,10056.000,NA,NA,NA,NA,NA,NA,NA,NA,NA,NA,NA,NA,NA,NA,NA,NA,NA,NA,NA,NA,NA,NA,NOT_RUN,MEASURED,
2026-08-20T15:17:18Z,cold-measured-4-integrated,cold,INTEGRATED,MEASURED,4,2,8,1000000,12345,228324,APP_228324_46339362,290.705,6879831.172,182.233,10184.000,61.842,4048.000,154592.000,1,108088.171,57418.531,73.494,74.000,0.000,0.000,1,1,0,0,2474.271,2468.868,247.983,4569.035,4117.447,3685.318,679.915,2605.457,INSUFFICIENT:1,MEASURED,
2026-08-20T15:17:18Z,cold-measured-5-baseline,cold,BASELINE,MEASURED,5,2,8,1000000,12345,228333,NA,281.463,7105738.112,186.544,10056.000,NA,NA,NA,NA,NA,NA,NA,NA,NA,NA,NA,NA,NA,NA,NA,NA,NA,NA,NA,NA,NA,NA,NOT_RUN,MEASURED,
2026-08-20T15:17:18Z,cold-measured-5-integrated,cold,INTEGRATED,MEASURED,5,2,8,1000000,12345,228336,APP_228336_46339425,291.034,6872059.609,178.112,10056.000,56.303,4624.000,154620.000,1,128758.201,66377.536,118.801,786.997,0.000,0.000,1,1,0,0,6531.882,6525.424,279.319,8301.853,6891.205,5427.515,989.995,7409.968,INSUFFICIENT:1,MEASURED,
2026-08-20T15:17:18Z,mixed-warmup-1-baseline,mixed,BASELINE,WARMUP,1,2,8,1000000,12345,228345,NA,239.942,8335334.647,177.734,10056.000,NA,NA,NA,NA,NA,NA,NA,NA,NA,NA,NA,NA,NA,NA,NA,NA,NA,NA,NA,NA,NA,NA,NOT_RUN,WARMUP,
2026-08-20T15:17:19Z,mixed-warmup-1-integrated,mixed,INTEGRATED,WARMUP,1,2,8,1000000,12345,228348,APP_228348_46339484,254.753,7850749.003,182.904,10056.000,56.849,4240.000,154620.000,1,119409.486,60569.269,93.546,80.905,0.000,0.000,1,1,0,0,2797.388,2792.733,274.991,5668.022,5827.121,4786.900,1072.000,2945.489,INSUFFICIENT:1,WARMUP,
2026-08-20T15:17:19Z,mixed-warmup-2-baseline,mixed,BASELINE,WARMUP,2,2,8,1000000,12345,228360,NA,246.140,8125441.739,176.188,10056.000,NA,NA,NA,NA,NA,NA,NA,NA,NA,NA,NA,NA,NA,NA,NA,NA,NA,NA,NA,NA,NA,NA,NOT_RUN,WARMUP,
2026-08-20T15:17:19Z,mixed-warmup-2-integrated,mixed,INTEGRATED,WARMUP,2,2,8,1000000,12345,228363,APP_228363_46339540,234.610,8524791.520,187.154,10056.000,57.587,4368.000,154592.000,1,117751.378,53847.815,108.610,1478.517,0.000,0.000,1,1,0,0,2782.029,2775.983,277.920,5217.226,8479.894,8898.727,1070.422,4345.051,INSUFFICIENT:1,WARMUP,
2026-08-20T15:17:20Z,mixed-warmup-3-baseline,mixed,BASELINE,WARMUP,3,2,8,1000000,12345,228372,NA,223.107,8964308.766,182.841,10056.000,NA,NA,NA,NA,NA,NA,NA,NA,NA,NA,NA,NA,NA,NA,NA,NA,NA,NA,NA,NA,NA,NA,NOT_RUN,WARMUP,
2026-08-20T15:17:20Z,mixed-warmup-3-integrated,mixed,INTEGRATED,WARMUP,3,2,8,1000000,12345,228375,APP_228375_46339592,232.795,8591233.463,180.705,10056.000,51.293,4688.000,154592.000,1,114951.567,54358.546,103.223,949.581,0.000,0.000,1,1,0,0,2501.292,2495.694,236.456,6084.295,8815.459,4767.705,939.987,3530.270,INSUFFICIENT:1,WARMUP,
2026-08-20T15:17:20Z,mixed-warmup-4-baseline,mixed,BASELINE,WARMUP,4,2,8,1000000,12345,228384,NA,276.789,7225728.559,177.753,10056.000,NA,NA,NA,NA,NA,NA,NA,NA,NA,NA,NA,NA,NA,NA,NA,NA,NA,NA,NA,NA,NA,NA,NOT_RUN,WARMUP,
2026-08-20T15:17:21Z,mixed-warmup-4-integrated,mixed,INTEGRATED,WARMUP,4,2,8,1000000,12345,228387,APP_228387_46339648,361.158,5537745.474,146.859,10056.000,48.746,4688.000,154592.000,1,156167.842,62859.585,126.815,2194.360,0.000,0.000,1,1,0,0,2756.787,2751.215,274.665,14242.695,14132.349,10366.913,1030.978,5039.476,INSUFFICIENT:1,WARMUP,
2026-08-20T15:17:21Z,mixed-warmup-5-baseline,mixed,BASELINE,WARMUP,5,2,8,1000000,12345,228396,NA,325.906,6136741.714,150.346,10056.000,NA,NA,NA,NA,NA,NA,NA,NA,NA,NA,NA,NA,NA,NA,NA,NA,NA,NA,NA,NA,NA,NA,NOT_RUN,WARMUP,
2026-08-20T15:17:21Z,mixed-warmup-5-integrated,mixed,INTEGRATED,WARMUP,5,2,8,1000000,12345,228399,APP_228399_46339725,265.943,7520398.837,158.892,10056.000,42.989,4564.000,154620.000,1,132567.953,67764.927,88.358,328.578,0.000,0.000,1,1,0,0,2066.700,2063.487,291.931,5247.774,8820.791,12683.611,1176.670,2449.814,INSUFFICIENT:1,WARMUP,
2026-08-20T15:17:21Z,mixed-measured-1-baseline,mixed,BASELINE,MEASURED,1,2,8,1000000,12345,228408,NA,217.515,9194779.970,187.623,10056.000,NA,NA,NA,NA,NA,NA,NA,NA,NA,NA,NA,NA,NA,NA,NA,NA,NA,NA,NA,NA,NA,NA,NOT_RUN,MEASURED,
2026-08-20T15:17:22Z,mixed-measured-1-integrated,mixed,INTEGRATED,MEASURED,1,2,8,1000000,12345,228411,APP_228411_46339780,264.272,7567960.569,174.364,10056.000,53.864,4624.000,154620.000,1,108279.963,44764.123,119.106,1669.851,0.000,0.000,1,1,0,0,2747.905,2741.558,289.933,6506.522,9243.771,5907.546,956.725,4496.953,INSUFFICIENT:1,MEASURED,
2026-08-20T15:17:22Z,mixed-measured-2-baseline,mixed,BASELINE,MEASURED,2,2,8,1000000,12345,228420,NA,223.774,8937591.174,181.557,10116.000,NA,NA,NA,NA,NA,NA,NA,NA,NA,NA,NA,NA,NA,NA,NA,NA,NA,NA,NA,NA,NA,NA,NOT_RUN,MEASURED,
2026-08-20T15:17:22Z,mixed-measured-2-integrated,mixed,INTEGRATED,MEASURED,2,2,8,1000000,12345,228423,APP_228423_46339834,256.713,7790812.417,188.599,10056.000,62.554,4688.000,154620.000,1,138863.652,71617.739,112.490,81.104,0.000,0.000,1,1,0,0,2982.776,2976.258,284.106,11281.061,5309.166,7900.464,1041.496,3134.865,INSUFFICIENT:1,MEASURED,
2026-08-20T15:17:23Z,mixed-measured-3-baseline,mixed,BASELINE,MEASURED,3,2,8,1000000,12345,228432,NA,240.728,8308130.411,182.373,10056.000,NA,NA,NA,NA,NA,NA,NA,NA,NA,NA,NA,NA,NA,NA,NA,NA,NA,NA,NA,NA,NA,NA,NOT_RUN,MEASURED,
2026-08-20T15:17:23Z,mixed-measured-3-integrated,mixed,INTEGRATED,MEASURED,3,2,8,1000000,12345,228435,APP_228435_46339890,336.502,5943492.972,158.228,10056.000,57.044,4560.000,154620.000,1,121536.144,54175.631,104.992,324.024,0.000,0.000,1,1,0,0,2659.207,2653.876,241.578,4581.565,12961.047,7622.267,936.161,3051.038,INSUFFICIENT:1,MEASURED,
2026-08-20T15:17:23Z,mixed-measured-4-baseline,mixed,BASELINE,MEASURED,4,2,8,1000000,12345,228444,NA,198.895,10055575.558,177.704,10052.000,NA,NA,NA,NA,NA,NA,NA,NA,NA,NA,NA,NA,NA,NA,NA,NA,NA,NA,NA,NA,NA,NA,NOT_RUN,MEASURED,
2026-08-20T15:17:23Z,mixed-measured-4-integrated,mixed,INTEGRATED,MEASURED,4,2,8,1000000,12345,228447,APP_228447_46339949,216.984,9217286.552,186.177,10184.000,65.808,4240.000,154592.000,1,105108.855,54425.233,108.318,83.481,0.000,0.000,1,1,0,0,2235.815,2231.953,210.189,4383.885,4583.278,3770.818,807.634,2376.133,INSUFFICIENT:1,MEASURED,
2026-08-20T15:17:24Z,mixed-measured-5-baseline,mixed,BASELINE,MEASURED,5,2,8,1000000,12345,228456,NA,197.015,10151486.779,181.853,10056.000,NA,NA,NA,NA,NA,NA,NA,NA,NA,NA,NA,NA,NA,NA,NA,NA,NA,NA,NA,NA,NA,NA,NOT_RUN,MEASURED,
2026-08-20T15:17:24Z,mixed-measured-5-integrated,mixed,INTEGRATED,MEASURED,5,2,8,1000000,12345,228460,APP_228460_46339995,224.518,8907954.365,181.457,10056.000,48.818,4564.000,154620.000,1,98215.775,41370.453,107.313,586.561,0.000,0.000,1,1,0,0,2313.370,2307.985,305.684,5090.656,7390.009,5551.807,1028.565,2970.929,INSUFFICIENT:1,MEASURED,
2026-08-20T15:17:24Z,changing-warmup-1-baseline,changing,BASELINE,WARMUP,1,2,8,1000000,12345,228469,NA,288.328,6936555.389,191.422,10056.000,NA,NA,NA,NA,NA,NA,NA,NA,NA,NA,NA,NA,NA,NA,NA,NA,NA,NA,NA,NA,NA,NA,NOT_RUN,WARMUP,
2026-08-20T15:17:25Z,changing-warmup-1-integrated,changing,INTEGRATED,WARMUP,1,2,8,1000000,12345,228472,APP_228472_46340051,341.002,5865072.953,186.350,9992.000,61.110,4624.000,154620.000,1,109078.201,52165.752,101.327,633.975,0.000,0.000,1,1,0,0,2146.631,2143.216,233.433,4234.859,6591.726,5579.403,1019.949,2844.487,INSUFFICIENT:1,WARMUP,
2026-08-20T15:17:25Z,changing-warmup-2-baseline,changing,BASELINE,WARMUP,2,2,8,1000000,12345,228481,NA,312.805,6393756.175,185.645,10248.000,NA,NA,NA,NA,NA,NA,NA,NA,NA,NA,NA,NA,NA,NA,NA,NA,NA,NA,NA,NA,NA,NA,NOT_RUN,WARMUP,
2026-08-20T15:17:25Z,changing-warmup-2-integrated,changing,INTEGRATED,WARMUP,2,2,8,1000000,12345,228484,APP_228484_46340123,454.940,4396188.093,153.796,10052.000,62.493,4496.000,154620.000,1,107432.113,52334.803,97.210,363.477,0.000,0.000,1,1,0,0,2218.643,2215.409,314.049,3884.289,4890.852,4107.976,866.165,2639.102,INSUFFICIENT:1,WARMUP,
2026-08-20T15:17:26Z,changing-warmup-3-baseline,changing,BASELINE,WARMUP,3,2,8,1000000,12345,228493,NA,553.617,3612608.972,129.855,10060.000,NA,NA,NA,NA,NA,NA,NA,NA,NA,NA,NA,NA,NA,NA,NA,NA,NA,NA,NA,NA,NA,NA,NOT_RUN,WARMUP,
2026-08-20T15:17:26Z,changing-warmup-3-integrated,changing,INTEGRATED,WARMUP,3,2,8,1000000,12345,228497,APP_228497_46340233,331.328,6036312.282,188.875,10184.000,58.729,4640.000,154620.000,1,98701.555,47125.005,86.838,85.078,0.000,0.000,1,1,0,0,2114.954,2111.224,288.718,4481.822,5285.626,4504.774,989.890,2244.745,INSUFFICIENT:1,WARMUP,
2026-08-20T15:17:27Z,changing-warmup-4-baseline,changing,BASELINE,WARMUP,4,2,8,1000000,12345,228506,NA,372.835,5364305.503,176.275,10056.000,NA,NA,NA,NA,NA,NA,NA,NA,NA,NA,NA,NA,NA,NA,NA,NA,NA,NA,NA,NA,NA,NA,NOT_RUN,WARMUP,
2026-08-20T15:17:27Z,changing-warmup-4-integrated,changing,INTEGRATED,WARMUP,4,2,8,1000000,12345,228509,APP_228509_46340309,341.009,5864947.158,184.214,10184.000,68.686,4368.000,154620.000,1,110384.186,61522.227,123.259,90.172,0.000,0.000,1,1,0,0,2936.916,2930.503,190.949,3397.328,4469.600,3912.538,702.326,3114.164,INSUFFICIENT:1,WARMUP,
2026-08-20T15:17:27Z,changing-warmup-5-baseline,changing,BASELINE,WARMUP,5,2,8,1000000,12345,228518,NA,306.032,6535254.463,191.619,9928.000,NA,NA,NA,NA,NA,NA,NA,NA,NA,NA,NA,NA,NA,NA,NA,NA,NA,NA,NA,NA,NA,NA,NOT_RUN,WARMUP,
2026-08-20T15:17:28Z,changing-warmup-5-integrated,changing,INTEGRATED,WARMUP,5,2,8,1000000,12345,228521,APP_228521_46340379,373.572,5353722.980,189.273,10248.000,48.635,4368.000,154620.000,1,99651.660,47974.928,77.092,67.611,0.000,0.000,1,1,0,0,1686.249,1682.980,219.105,4746.622,6102.167,3835.372,855.004,1795.353,INSUFFICIENT:1,WARMUP,
2026-08-20T15:17:28Z,changing-measured-1-baseline,changing,BASELINE,MEASURED,1,2,8,1000000,12345,228530,NA,323.128,6189497.124,186.980,10056.000,NA,NA,NA,NA,NA,NA,NA,NA,NA,NA,NA,NA,NA,NA,NA,NA,NA,NA,NA,NA,NA,NA,NOT_RUN,MEASURED,
2026-08-20T15:17:29Z,changing-measured-1-integrated,changing,INTEGRATED,MEASURED,1,2,8,1000000,12345,228533,APP_228533_46340455,361.601,5530958.553,189.324,9924.000,57.341,4560.000,154592.000,1,118940.718,62498.061,118.142,545.633,0.000,0.000,1,1,0,0,2697.666,2691.162,215.602,4678.001,4703.143,3840.567,729.966,3330.113,INSUFFICIENT:1,MEASURED,
2026-08-20T15:17:29Z,changing-measured-2-baseline,changing,BASELINE,MEASURED,2,2,8,1000000,12345,228542,NA,364.824,5482099.909,181.387,10120.000,NA,NA,NA,NA,NA,NA,NA,NA,NA,NA,NA,NA,NA,NA,NA,NA,NA,NA,NA,NA,NA,NA,NOT_RUN,MEASURED,
2026-08-20T15:17:29Z,changing-measured-2-integrated,changing,INTEGRATED,MEASURED,2,2,8,1000000,12345,228545,APP_228545_46340533,303.756,6584226.489,184.005,10056.000,56.312,4624.000,154620.000,1,99578.425,43377.724,102.080,139.585,0.000,0.000,1,1,0,0,2326.775,2321.903,2348.317,4998.766,5987.348,5355.078,838.714,2535.898,INSUFFICIENT:1,MEASURED,
2026-08-20T15:17:30Z,changing-measured-3-baseline,changing,BASELINE,MEASURED,3,2,8,1000000,12345,228554,NA,297.808,6715737.441,187.679,10184.000,NA,NA,NA,NA,NA,NA,NA,NA,NA,NA,NA,NA,NA,NA,NA,NA,NA,NA,NA,NA,NA,NA,NOT_RUN,MEASURED,
2026-08-20T15:17:30Z,changing-measured-3-integrated,changing,INTEGRATED,MEASURED,3,2,8,1000000,12345,228557,APP_228557_46340599,326.061,6133823.109,187.770,10056.000,63.030,4496.000,154620.000,1,108109.814,50754.596,118.351,704.952,0.000,0.000,1,1,0,0,2818.174,2812.369,290.422,7664.046,5096.076,4633.746,797.558,3605.106,INSUFFICIENT:1,MEASURED,
2026-08-20T15:17:30Z,changing-measured-4-baseline,changing,BASELINE,MEASURED,4,2,8,1000000,12345,228566,NA,261.541,7646986.064,190.635,9928.000,NA,NA,NA,NA,NA,NA,NA,NA,NA,NA,NA,NA,NA,NA,NA,NA,NA,NA,NA,NA,NA,NA,NOT_RUN,MEASURED,
2026-08-20T15:17:31Z,changing-measured-4-integrated,changing,INTEGRATED,MEASURED,4,2,8,1000000,12345,228569,APP_228569_46340662,280.812,7122195.298,184.004,10052.000,56.539,4368.000,154620.000,1,87219.323,42014.739,64.344,119.475,0.000,0.000,1,1,0,0,1608.421,1605.152,190.062,3233.695,3836.569,2983.609,624.190,1771.730,INSUFFICIENT:1,MEASURED,
2026-08-20T15:17:31Z,changing-measured-5-baseline,changing,BASELINE,MEASURED,5,2,8,1000000,12345,228578,NA,261.102,7659840.428,190.350,9992.000,NA,NA,NA,NA,NA,NA,NA,NA,NA,NA,NA,NA,NA,NA,NA,NA,NA,NA,NA,NA,NA,NA,NOT_RUN,MEASURED,
2026-08-20T15:17:31Z,changing-measured-5-integrated,changing,INTEGRATED,MEASURED,5,2,8,1000000,12345,228581,APP_228581_46340722,267.874,7466207.302,191.533,10056.000,48.628,4688.000,154620.000,1,102137.542,44742.593,101.962,130.527,0.000,0.000,1,1,0,0,1814.639,1810.754,257.641,11263.424,4033.800,4028.107,752.964,2001.361,INSUFFICIENT:1,MEASURED,
2026-08-20T15:17:31Z,local-warmup-1-baseline,local,BASELINE,WARMUP,1,2,8,1000000,12345,228590,NA,114.598,17452274.401,174.842,10056.000,NA,NA,NA,NA,NA,NA,NA,NA,NA,NA,NA,NA,NA,NA,NA,NA,NA,NA,NA,NA,NA,NA,NOT_RUN,WARMUP,
2026-08-20T15:17:31Z,local-warmup-1-integrated,local,INTEGRATED,WARMUP,1,2,8,1000000,12345,228593,APP_228593_46340764,143.636,13924072.410,154.409,10184.000,63.024,4496.000,154592.000,1,109341.143,57691.445,110.940,642.101,0.000,0.000,1,1,0,0,1600.693,1597.151,266.549,3626.622,4537.673,4274.408,789.480,2297.819,INSUFFICIENT:1,WARMUP,
2026-08-20T15:17:32Z,local-warmup-2-baseline,local,BASELINE,WARMUP,2,2,8,1000000,12345,228602,NA,112.656,17753130.121,173.783,10056.000,NA,NA,NA,NA,NA,NA,NA,NA,NA,NA,NA,NA,NA,NA,NA,NA,NA,NA,NA,NA,NA,NA,NOT_RUN,WARMUP,
2026-08-20T15:17:32Z,local-warmup-2-integrated,local,INTEGRATED,WARMUP,2,2,8,1000000,12345,228605,APP_228605_46340796,111.835,17883560.551,180.783,9864.000,62.083,4624.000,154592.000,1,111876.241,57193.843,100.481,1882.630,0.000,0.000,1,1,0,0,2310.392,2305.148,245.350,4607.884,5343.567,4403.094,846.136,4264.840,INSUFFICIENT:1,WARMUP,
2026-08-20T15:17:32Z,local-warmup-3-baseline,local,BASELINE,WARMUP,3,2,8,1000000,12345,228614,NA,145.899,13708072.464,154.954,10056.000,NA,NA,NA,NA,NA,NA,NA,NA,NA,NA,NA,NA,NA,NA,NA,NA,NA,NA,NA,NA,NA,NA,NOT_RUN,WARMUP,
2026-08-20T15:17:32Z,local-warmup-3-integrated,local,INTEGRATED,WARMUP,3,2,8,1000000,12345,228617,APP_228617_46340827,112.148,17833499.616,172.806,10056.000,55.695,4496.000,154620.000,1,116413.461,54029.822,72.187,109.544,0.000,0.000,1,1,0,0,1935.989,1932.680,219.816,6365.527,10795.907,4862.593,848.641,2087.422,INSUFFICIENT:1,WARMUP,
2026-08-20T15:17:32Z,local-warmup-4-baseline,local,BASELINE,WARMUP,4,2,8,1000000,12345,228626,NA,115.359,17337138.152,172.230,10056.000,NA,NA,NA,NA,NA,NA,NA,NA,NA,NA,NA,NA,NA,NA,NA,NA,NA,NA,NA,NA,NA,NA,NOT_RUN,WARMUP,
2026-08-20T15:17:32Z,local-warmup-4-integrated,local,INTEGRATED,WARMUP,4,2,8,1000000,12345,228629,APP_228629_46340855,112.500,17777843.359,174.022,10184.000,50.966,4688.000,154592.000,1,94113.614,41827.667,60.822,77.454,0.000,0.000,1,1,0,0,2444.707,2439.088,257.669,5602.990,4951.142,5713.317,796.507,2579.476,INSUFFICIENT:1,WARMUP,
2026-08-20T15:17:32Z,local-warmup-5-baseline,local,BASELINE,WARMUP,5,2,8,1000000,12345,228638,NA,111.718,17902159.756,173.253,9992.000,NA,NA,NA,NA,NA,NA,NA,NA,NA,NA,NA,NA,NA,NA,NA,NA,NA,NA,NA,NA,NA,NA,NOT_RUN,WARMUP,
2026-08-20T15:17:33Z,local-warmup-5-integrated,local,INTEGRATED,WARMUP,5,2,8,1000000,12345,228641,APP_228641_46340882,121.153,16508010.379,174.510,10056.000,43.333,4240.000,154620.000,1,113129.364,53914.113,55.821,83.433,0.000,0.000,1,1,0,0,2327.935,2322.319,250.547,10491.390,6726.238,3878.289,841.432,2460.566,INSUFFICIENT:1,WARMUP,
2026-08-20T15:17:33Z,local-measured-1-baseline,local,BASELINE,MEASURED,1,2,8,1000000,12345,228650,NA,114.969,17395928.790,173.763,10056.000,NA,NA,NA,NA,NA,NA,NA,NA,NA,NA,NA,NA,NA,NA,NA,NA,NA,NA,NA,NA,NA,NA,NOT_RUN,MEASURED,
2026-08-20T15:17:33Z,local-measured-1-integrated,local,INTEGRATED,MEASURED,1,2,8,1000000,12345,228653,APP_228653_46340911,107.621,18583762.494,173.197,10312.000,51.295,4304.000,154620.000,1,95229.428,49733.687,65.376,74.113,0.000,0.000,1,1,0,0,2368.756,2363.407,198.343,3267.009,3825.422,3206.407,653.900,2515.012,INSUFFICIENT:1,MEASURED,
2026-08-20T15:17:33Z,local-measured-2-baseline,local,BASELINE,MEASURED,2,2,8,1000000,12345,228662,NA,119.751,16701284.255,164.510,10184.000,NA,NA,NA,NA,NA,NA,NA,NA,NA,NA,NA,NA,NA,NA,NA,NA,NA,NA,NA,NA,NA,NA,NOT_RUN,MEASURED,
2026-08-20T15:17:33Z,local-measured-2-integrated,local,INTEGRATED,MEASURED,2,2,8,1000000,12345,228665,APP_228665_46340939,112.623,17758353.296,182.724,10056.000,57.871,4432.000,154620.000,1,100180.836,49015.632,83.270,75.938,0.000,0.000,1,1,0,0,2438.148,2432.642,253.787,4383.643,3733.323,3115.080,845.643,2573.403,INSUFFICIENT:1,MEASURED,
2026-08-20T15:17:33Z,local-measured-3-baseline,local,BASELINE,MEASURED,3,2,8,1000000,12345,228674,NA,106.647,18753434.806,181.010,10056.000,NA,NA,NA,NA,NA,NA,NA,NA,NA,NA,NA,NA,NA,NA,NA,NA,NA,NA,NA,NA,NA,NA,NOT_RUN,MEASURED,
2026-08-20T15:17:33Z,local-measured-3-integrated,local,INTEGRATED,MEASURED,3,2,8,1000000,12345,228677,APP_228677_46340965,124.451,16070615.184,170.736,10056.000,61.936,4368.000,154620.000,1,94005.303,46195.617,97.759,1822.275,0.000,0.000,1,1,0,0,2098.024,2092.731,212.040,3439.687,3716.361,3195.197,674.819,3985.206,INSUFFICIENT:1,MEASURED,
2026-08-20T15:17:34Z,local-measured-4-baseline,local,BASELINE,MEASURED,4,2,8,1000000,12345,228686,NA,112.945,17707702.651,177.407,10056.000,NA,NA,NA,NA,NA,NA,NA,NA,NA,NA,NA,NA,NA,NA,NA,NA,NA,NA,NA,NA,NA,NA,NOT_RUN,MEASURED,
2026-08-20T15:17:34Z,local-measured-4-integrated,local,INTEGRATED,MEASURED,4,2,8,1000000,12345,228689,APP_228689_46340994,124.120,16113402.904,180.099,10056.000,51.746,4624.000,154592.000,1,94801.004,46307.766,62.727,55.820,0.000,0.000,1,1,0,0,1719.268,1715.903,220.662,3796.018,5092.013,3484.183,757.728,1811.919,INSUFFICIENT:1,MEASURED,
2026-08-20T15:17:34Z,local-measured-5-baseline,local,BASELINE,MEASURED,5,2,8,1000000,12345,228698,NA,107.733,18564349.945,177.117,9928.000,NA,NA,NA,NA,NA,NA,NA,NA,NA,NA,NA,NA,NA,NA,NA,NA,NA,NA,NA,NA,NA,NA,NOT_RUN,MEASURED,
2026-08-20T15:17:34Z,local-measured-5-integrated,local,INTEGRATED,MEASURED,5,2,8,1000000,12345,228701,APP_228701_46341021,113.946,17552123.774,166.524,10056.000,54.581,4496.000,154620.000,1,107673.148,57527.769,95.286,880.282,0.000,0.000,1,1,0,0,2333.302,2327.865,235.965,3549.052,3600.865,3014.883,782.266,3284.396,INSUFFICIENT:1,MEASURED,
