workload,mode,metric,count,mean,median,min,max,stddev,status
sequential,BASELINE,benchmark_elapsed_ms,5,121.658,126.280,104.353,142.199,15.462,MEASURED
sequential,BASELINE,benchmark_throughput_ops_sec,5,16653911.089,15837863.109,14064749.637,19165655.393,2117251.674,MEASURED
sequential,BASELINE,runtime_cpu_percent,0,NA,NA,NA,NA,NA,UNAVAILABLE
sequential,BASELINE,runtime_rss_kb,0,NA,NA,NA,NA,NA,UNAVAILABLE
sequential,BASELINE,runtime_vms_kb,0,NA,NA,NA,NA,NA,UNAVAILABLE
sequential,BASELINE,benchmark_cpu_percent,5,170.523,171.784,163.801,176.627,4.843,MEASURED
sequential,BASELINE,benchmark_rss_kb,5,10120.000,10056.000,10056.000,10248.000,90.510,MEASURED
sequential,BASELINE,discovery_us,0,NA,NA,NA,NA,NA,UNAVAILABLE
sequential,BASELINE,queue_wait_us,0,NA,NA,NA,NA,NA,UNAVAILABLE
sequential,BASELINE,worker_execution_us,0,NA,NA,NA,NA,NA,UNAVAILABLE
sequential,BASELINE,phase3_us,0,NA,NA,NA,NA,NA,UNAVAILABLE
sequential,BASELINE,pipeline_serial_wait_us,0,NA,NA,NA,NA,NA,UNAVAILABLE
sequential,BASELINE,phase4_us,0,NA,NA,NA,NA,NA,UNAVAILABLE
sequential,BASELINE,phase5_us,0,NA,NA,NA,NA,NA,UNAVAILABLE
sequential,BASELINE,phase6_us,0,NA,NA,NA,NA,NA,UNAVAILABLE
sequential,BASELINE,coordinator_overhead_us,0,NA,NA,NA,NA,NA,UNAVAILABLE
sequential,BASELINE,completion_latency_us,0,NA,NA,NA,NA,NA,UNAVAILABLE
sequential,BASELINE,queue_depth_max,0,NA,NA,NA,NA,NA,UNAVAILABLE
sequential,BASELINE,runtime_cycle_total_us,0,NA,NA,NA,NA,NA,UNAVAILABLE
sequential,BASELINE,runtime_cycle_count,0,NA,NA,NA,NA,NA,UNAVAILABLE
sequential,BASELINE,jobs_submitted,0,NA,NA,NA,NA,NA,UNAVAILABLE
sequential,BASELINE,jobs_executed,0,NA,NA,NA,NA,NA,UNAVAILABLE
sequential,BASELINE,jobs_deferred,0,NA,NA,NA,NA,NA,UNAVAILABLE
sequential,BASELINE,queue_saturation_events,0,NA,NA,NA,NA,NA,UNAVAILABLE
sequential,INTEGRATED,benchmark_elapsed_ms,5,123.780,121.969,115.280,139.840,9.684,MEASURED
sequential,INTEGRATED,benchmark_throughput_ops_sec,5,16232214.732,16397647.143,14302021.657,17349010.477,1191845.548,MEASURED
sequential,INTEGRATED,runtime_cpu_percent,5,56.318,52.927,52.599,66.556,5.976,MEASURED
sequential,INTEGRATED,runtime_rss_kb,5,4500.000,4560.000,4196.000,4624.000,178.034,MEASURED
sequential,INTEGRATED,runtime_vms_kb,5,154608.800,154596.000,154596.000,154628.000,17.527,MEASURED
sequential,INTEGRATED,benchmark_cpu_percent,5,172.061,171.164,165.058,179.748,5.818,MEASURED
sequential,INTEGRATED,benchmark_rss_kb,5,10132.000,10056.000,10052.000,10248.000,105.906,MEASURED
sequential,INTEGRATED,discovery_us,5,45610.098,48338.165,38301.739,50747.951,5975.051,MEASURED
sequential,INTEGRATED,queue_wait_us,5,288.271,134.092,61.017,661.213,277.751,MEASURED
sequential,INTEGRATED,worker_execution_us,5,2102.897,2132.085,1621.215,2482.126,351.575,MEASURED
sequential,INTEGRATED,phase3_us,5,2098.477,2126.691,1618.152,2477.194,350.611,MEASURED
sequential,INTEGRATED,pipeline_serial_wait_us,5,253.327,255.335,200.245,303.988,44.062,MEASURED
sequential,INTEGRATED,phase4_us,5,5280.333,5169.426,3804.276,7789.135,1544.280,MEASURED
sequential,INTEGRATED,phase5_us,5,5119.895,4968.222,3819.319,7163.853,1282.764,MEASURED
sequential,INTEGRATED,phase6_us,5,4734.739,4549.698,3226.836,7014.919,1515.026,MEASURED
sequential,INTEGRATED,coordinator_overhead_us,5,787.589,778.111,713.263,863.982,55.147,MEASURED
sequential,INTEGRATED,completion_latency_us,5,2446.949,2516.161,1796.570,3213.154,566.873,MEASURED
sequential,INTEGRATED,queue_depth_max,5,0.000,0.000,0.000,0.000,0.000,MEASURED
sequential,INTEGRATED,runtime_cycle_total_us,5,99102.157,102372.136,90830.484,105955.508,6754.265,MEASURED
sequential,INTEGRATED,runtime_cycle_count,5,1.000,1.000,1.000,1.000,0.000,MEASURED
sequential,INTEGRATED,jobs_submitted,5,1.000,1.000,1.000,1.000,0.000,MEASURED
sequential,INTEGRATED,jobs_executed,5,1.000,1.000,1.000,1.000,0.000,MEASURED
sequential,INTEGRATED,jobs_deferred,5,0.000,0.000,0.000,0.000,0.000,MEASURED
sequential,INTEGRATED,queue_saturation_events,5,0.000,0.000,0.000,0.000,0.000,MEASURED
random,BASELINE,benchmark_elapsed_ms,5,206.886,205.816,188.671,227.054,16.899,MEASURED
random,BASELINE,benchmark_throughput_ops_sec,5,9718763.037,9717396.347,8808482.361,10600456.274,790688.235,MEASURED
random,BASELINE,runtime_cpu_percent,0,NA,NA,NA,NA,NA,UNAVAILABLE
random,BASELINE,runtime_rss_kb,0,NA,NA,NA,NA,NA,UNAVAILABLE
random,BASELINE,runtime_vms_kb,0,NA,NA,NA,NA,NA,UNAVAILABLE
random,BASELINE,benchmark_cpu_percent,5,178.098,178.856,174.648,180.004,2.057,MEASURED
random,BASELINE,benchmark_rss_kb,5,10094.400,10056.000,10056.000,10248.000,85.865,MEASURED
random,BASELINE,discovery_us,0,NA,NA,NA,NA,NA,UNAVAILABLE
random,BASELINE,queue_wait_us,0,NA,NA,NA,NA,NA,UNAVAILABLE
random,BASELINE,worker_execution_us,0,NA,NA,NA,NA,NA,UNAVAILABLE
random,BASELINE,phase3_us,0,NA,NA,NA,NA,NA,UNAVAILABLE
random,BASELINE,pipeline_serial_wait_us,0,NA,NA,NA,NA,NA,UNAVAILABLE
random,BASELINE,phase4_us,0,NA,NA,NA,NA,NA,UNAVAILABLE
random,BASELINE,phase5_us,0,NA,NA,NA,NA,NA,UNAVAILABLE
random,BASELINE,phase6_us,0,NA,NA,NA,NA,NA,UNAVAILABLE
random,BASELINE,coordinator_overhead_us,0,NA,NA,NA,NA,NA,UNAVAILABLE
random,BASELINE,completion_latency_us,0,NA,NA,NA,NA,NA,UNAVAILABLE
random,BASELINE,queue_depth_max,0,NA,NA,NA,NA,NA,UNAVAILABLE
random,BASELINE,runtime_cycle_total_us,0,NA,NA,NA,NA,NA,UNAVAILABLE
random,BASELINE,runtime_cycle_count,0,NA,NA,NA,NA,NA,UNAVAILABLE
random,BASELINE,jobs_submitted,0,NA,NA,NA,NA,NA,UNAVAILABLE
random,BASELINE,jobs_executed,0,NA,NA,NA,NA,NA,UNAVAILABLE
random,BASELINE,jobs_deferred,0,NA,NA,NA,NA,NA,UNAVAILABLE
random,BASELINE,queue_saturation_events,0,NA,NA,NA,NA,NA,UNAVAILABLE
random,INTEGRATED,benchmark_elapsed_ms,5,225.004,218.452,205.850,262.493,22.368,MEASURED
random,INTEGRATED,benchmark_throughput_ops_sec,5,8953618.887,9155325.210,7619249.290,9715804.933,817589.106,MEASURED
random,INTEGRATED,runtime_cpu_percent,5,55.307,55.211,46.978,63.710,6.107,MEASURED
random,INTEGRATED,runtime_rss_kb,5,4560.000,4624.000,4240.000,4688.000,181.019,MEASURED
random,INTEGRATED,runtime_vms_kb,5,154615.200,154628.000,154596.000,154628.000,17.527,MEASURED
random,INTEGRATED,benchmark_cpu_percent,5,179.397,180.122,168.321,189.240,7.812,MEASURED
random,INTEGRATED,benchmark_rss_kb,5,10094.400,10056.000,9992.000,10184.000,85.865,MEASURED
random,INTEGRATED,discovery_us,5,50457.765,49962.825,46364.822,55022.632,3926.779,MEASURED
random,INTEGRATED,queue_wait_us,5,227.333,79.572,74.972,795.619,317.952,MEASURED
random,INTEGRATED,worker_execution_us,5,2463.973,2518.034,1970.681,2776.828,299.318,MEASURED
random,INTEGRATED,phase3_us,5,2458.974,2512.391,1967.100,2771.497,298.582,MEASURED
random,INTEGRATED,pipeline_serial_wait_us,5,281.276,278.950,244.088,303.797,24.249,MEASURED
random,INTEGRATED,phase4_us,5,5454.089,5580.871,4411.794,6345.139,847.015,MEASURED
random,INTEGRATED,phase5_us,5,5801.095,5376.544,4824.830,7166.685,922.848,MEASURED
random,INTEGRATED,phase6_us,5,5103.362,4801.268,3800.025,7461.209,1491.315,MEASURED
random,INTEGRATED,coordinator_overhead_us,5,880.803,857.312,737.057,1045.631,112.452,MEASURED
random,INTEGRATED,completion_latency_us,5,2754.447,2652.182,2124.983,3647.076,553.190,MEASURED
random,INTEGRATED,queue_depth_max,5,0.000,0.000,0.000,0.000,0.000,MEASURED
random,INTEGRATED,runtime_cycle_total_us,5,106094.452,107246.970,101455.362,110385.769,3614.479,MEASURED
random,INTEGRATED,runtime_cycle_count,5,1.000,1.000,1.000,1.000,0.000,MEASURED
random,INTEGRATED,jobs_submitted,5,1.000,1.000,1.000,1.000,0.000,MEASURED
random,INTEGRATED,jobs_executed,5,1.000,1.000,1.000,1.000,0.000,MEASURED
random,INTEGRATED,jobs_deferred,5,0.000,0.000,0.000,0.000,0.000,MEASURED
random,INTEGRATED,queue_saturation_events,5,0.000,0.000,0.000,0.000,0.000,MEASURED
hot,BASELINE,benchmark_elapsed_ms,5,141.599,138.372,130.095,167.129,14.701,MEASURED
hot,BASELINE,benchmark_throughput_ops_sec,5,14234325.227,14453797.913,11966812.318,15373336.322,1326265.290,MEASURED
hot,BASELINE,runtime_cpu_percent,0,NA,NA,NA,NA,NA,UNAVAILABLE
hot,BASELINE,runtime_rss_kb,0,NA,NA,NA,NA,NA,UNAVAILABLE
hot,BASELINE,runtime_vms_kb,0,NA,NA,NA,NA,NA,UNAVAILABLE
hot,BASELINE,benchmark_cpu_percent,5,178.336,177.271,174.556,182.316,3.175,MEASURED
hot,BASELINE,benchmark_rss_kb,5,10056.000,10056.000,10056.000,10056.000,0.000,MEASURED
hot,BASELINE,discovery_us,0,NA,NA,NA,NA,NA,UNAVAILABLE
hot,BASELINE,queue_wait_us,0,NA,NA,NA,NA,NA,UNAVAILABLE
hot,BASELINE,worker_execution_us,0,NA,NA,NA,NA,NA,UNAVAILABLE
hot,BASELINE,phase3_us,0,NA,NA,NA,NA,NA,UNAVAILABLE
hot,BASELINE,pipeline_serial_wait_us,0,NA,NA,NA,NA,NA,UNAVAILABLE
hot,BASELINE,phase4_us,0,NA,NA,NA,NA,NA,UNAVAILABLE
hot,BASELINE,phase5_us,0,NA,NA,NA,NA,NA,UNAVAILABLE
hot,BASELINE,phase6_us,0,NA,NA,NA,NA,NA,UNAVAILABLE
hot,BASELINE,coordinator_overhead_us,0,NA,NA,NA,NA,NA,UNAVAILABLE
hot,BASELINE,completion_latency_us,0,NA,NA,NA,NA,NA,UNAVAILABLE
hot,BASELINE,queue_depth_max,0,NA,NA,NA,NA,NA,UNAVAILABLE
hot,BASELINE,runtime_cycle_total_us,0,NA,NA,NA,NA,NA,UNAVAILABLE
hot,BASELINE,runtime_cycle_count,0,NA,NA,NA,NA,NA,UNAVAILABLE
hot,BASELINE,jobs_submitted,0,NA,NA,NA,NA,NA,UNAVAILABLE
hot,BASELINE,jobs_executed,0,NA,NA,NA,NA,NA,UNAVAILABLE
hot,BASELINE,jobs_deferred,0,NA,NA,NA,NA,NA,UNAVAILABLE
hot,BASELINE,queue_saturation_events,0,NA,NA,NA,NA,NA,UNAVAILABLE
hot,INTEGRATED,benchmark_elapsed_ms,5,150.896,151.805,136.103,164.139,9.981,MEASURED
hot,INTEGRATED,benchmark_throughput_ops_sec,5,13301676.089,13174812.411,12184804.321,14694723.981,899997.004,MEASURED
hot,INTEGRATED,runtime_cpu_percent,5,54.848,53.649,52.132,59.543,3.045,MEASURED
hot,INTEGRATED,runtime_rss_kb,5,4563.200,4576.000,4432.000,4688.000,101.446,MEASURED
hot,INTEGRATED,runtime_vms_kb,5,154613.600,154620.000,154596.000,154628.000,16.395,MEASURED
hot,INTEGRATED,benchmark_cpu_percent,5,175.523,174.117,166.284,187.317,7.825,MEASURED
hot,INTEGRATED,benchmark_rss_kb,5,10107.200,10056.000,10056.000,10184.000,70.108,MEASURED
hot,INTEGRATED,discovery_us,5,46115.206,45491.537,43279.047,50341.338,2715.334,MEASURED
hot,INTEGRATED,queue_wait_us,5,90.746,84.721,59.430,122.528,26.687,MEASURED
hot,INTEGRATED,worker_execution_us,5,1941.831,1864.567,1628.475,2294.016,272.667,MEASURED
hot,INTEGRATED,phase3_us,5,1937.615,1858.990,1625.199,2288.433,272.078,MEASURED
hot,INTEGRATED,pipeline_serial_wait_us,5,219.774,216.959,195.263,246.922,19.789,MEASURED
hot,INTEGRATED,phase4_us,5,3582.843,3578.643,3299.594,3815.713,227.878,MEASURED
hot,INTEGRATED,phase5_us,5,4118.231,3777.718,3517.815,5735.588,915.452,MEASURED
hot,INTEGRATED,phase6_us,5,3729.886,3300.046,2988.523,5776.699,1152.315,MEASURED
hot,INTEGRATED,coordinator_overhead_us,5,699.981,685.917,589.971,798.779,80.364,MEASURED
hot,INTEGRATED,completion_latency_us,5,2078.424,2044.352,1741.035,2428.188,287.687,MEASURED
hot,INTEGRATED,queue_depth_max,5,0.000,0.000,0.000,0.000,0.000,MEASURED
hot,INTEGRATED,runtime_cycle_total_us,5,95720.796,94146.246,90758.051,101771.560,4866.658,MEASURED
hot,INTEGRATED,runtime_cycle_count,5,1.000,1.000,1.000,1.000,0.000,MEASURED
hot,INTEGRATED,jobs_submitted,5,1.000,1.000,1.000,1.000,0.000,MEASURED
hot,INTEGRATED,jobs_executed,5,1.000,1.000,1.000,1.000,0.000,MEASURED
hot,INTEGRATED,jobs_deferred,5,0.000,0.000,0.000,0.000,0.000,MEASURED
hot,INTEGRATED,queue_saturation_events,5,0.000,0.000,0.000,0.000,0.000,MEASURED
moderate,BASELINE,benchmark_elapsed_ms,5,232.049,231.553,206.548,260.749,19.260,MEASURED
moderate,BASELINE,benchmark_throughput_ops_sec,5,8666053.915,8637334.207,7670206.994,9682961.116,713272.091,MEASURED
moderate,BASELINE,runtime_cpu_percent,0,NA,NA,NA,NA,NA,UNAVAILABLE
moderate,BASELINE,runtime_rss_kb,0,NA,NA,NA,NA,NA,UNAVAILABLE
moderate,BASELINE,runtime_vms_kb,0,NA,NA,NA,NA,NA,UNAVAILABLE
moderate,BASELINE,benchmark_cpu_percent,5,183.153,183.463,179.351,186.433,2.613,MEASURED
moderate,BASELINE,benchmark_rss_kb,5,10056.000,10056.000,10056.000,10056.000,0.000,MEASURED
moderate,BASELINE,discovery_us,0,NA,NA,NA,NA,NA,UNAVAILABLE
moderate,BASELINE,queue_wait_us,0,NA,NA,NA,NA,NA,UNAVAILABLE
moderate,BASELINE,worker_execution_us,0,NA,NA,NA,NA,NA,UNAVAILABLE
moderate,BASELINE,phase3_us,0,NA,NA,NA,NA,NA,UNAVAILABLE
moderate,BASELINE,pipeline_serial_wait_us,0,NA,NA,NA,NA,NA,UNAVAILABLE
moderate,BASELINE,phase4_us,0,NA,NA,NA,NA,NA,UNAVAILABLE
moderate,BASELINE,phase5_us,0,NA,NA,NA,NA,NA,UNAVAILABLE
moderate,BASELINE,phase6_us,0,NA,NA,NA,NA,NA,UNAVAILABLE
moderate,BASELINE,coordinator_overhead_us,0,NA,NA,NA,NA,NA,UNAVAILABLE
moderate,BASELINE,completion_latency_us,0,NA,NA,NA,NA,NA,UNAVAILABLE
moderate,BASELINE,queue_depth_max,0,NA,NA,NA,NA,NA,UNAVAILABLE
moderate,BASELINE,runtime_cycle_total_us,0,NA,NA,NA,NA,NA,UNAVAILABLE
moderate,BASELINE,runtime_cycle_count,0,NA,NA,NA,NA,NA,UNAVAILABLE
moderate,BASELINE,jobs_submitted,0,NA,NA,NA,NA,NA,UNAVAILABLE
moderate,BASELINE,jobs_executed,0,NA,NA,NA,NA,NA,UNAVAILABLE
moderate,BASELINE,jobs_deferred,0,NA,NA,NA,NA,NA,UNAVAILABLE
moderate,BASELINE,queue_saturation_events,0,NA,NA,NA,NA,NA,UNAVAILABLE
moderate,INTEGRATED,benchmark_elapsed_ms,5,240.890,242.534,219.191,272.687,21.533,MEASURED
moderate,INTEGRATED,benchmark_throughput_ops_sec,5,8354327.467,8246258.989,7334419.045,9124445.409,725617.298,MEASURED
moderate,INTEGRATED,runtime_cpu_percent,5,56.577,53.666,51.833,67.828,6.600,MEASURED
moderate,INTEGRATED,runtime_rss_kb,5,4485.600,4496.000,4368.000,4624.000,116.605,MEASURED
moderate,INTEGRATED,runtime_vms_kb,5,154614.400,154620.000,154592.000,154620.000,12.522,MEASURED
moderate,INTEGRATED,benchmark_cpu_percent,5,181.765,184.934,169.606,190.753,8.618,MEASURED
moderate,INTEGRATED,benchmark_rss_kb,5,10043.200,10056.000,9928.000,10120.000,70.108,MEASURED
moderate,INTEGRATED,discovery_us,5,47220.825,49844.394,40779.729,53364.178,5600.993,MEASURED
moderate,INTEGRATED,queue_wait_us,5,580.174,91.359,60.670,2295.152,967.515,MEASURED
moderate,INTEGRATED,worker_execution_us,5,2106.328,2147.284,1635.782,2465.741,331.473,MEASURED
moderate,INTEGRATED,phase3_us,5,2102.014,2143.381,1632.403,2460.231,330.639,MEASURED
moderate,INTEGRATED,pipeline_serial_wait_us,5,245.507,246.007,190.209,280.575,34.253,MEASURED
moderate,INTEGRATED,phase4_us,5,4540.268,4110.207,3713.557,6479.339,1132.113,MEASURED
moderate,INTEGRATED,phase5_us,5,6114.128,4472.478,3690.254,11778.904,3314.063,MEASURED
moderate,INTEGRATED,phase6_us,5,6414.827,3982.634,3287.228,15945.745,5370.340,MEASURED
moderate,INTEGRATED,coordinator_overhead_us,5,862.863,851.580,805.944,959.503,64.545,MEASURED
moderate,INTEGRATED,completion_latency_us,5,2749.044,2296.214,1756.472,4835.221,1224.965,MEASURED
moderate,INTEGRATED,queue_depth_max,5,0.000,0.000,0.000,0.000,0.000,MEASURED
moderate,INTEGRATED,runtime_cycle_total_us,5,103457.992,102618.025,92161.420,111914.864,7797.809,MEASURED
moderate,INTEGRATED,runtime_cycle_count,5,1.000,1.000,1.000,1.000,0.000,MEASURED
moderate,INTEGRATED,jobs_submitted,5,1.000,1.000,1.000,1.000,0.000,MEASURED
moderate,INTEGRATED,jobs_executed,5,1.000,1.000,1.000,1.000,0.000,MEASURED
moderate,INTEGRATED,jobs_deferred,5,0.000,0.000,0.000,0.000,0.000,MEASURED
moderate,INTEGRATED,queue_saturation_events,5,0.000,0.000,0.000,0.000,0.000,MEASURED
cold,BASELINE,benchmark_elapsed_ms,5,287.097,267.831,232.084,388.279,59.413,MEASURED
cold,BASELINE,benchmark_throughput_ops_sec,5,7173052.286,7467394.648,5150934.711,8617572.657,1263889.419,MEASURED
cold,BASELINE,runtime_cpu_percent,0,NA,NA,NA,NA,NA,UNAVAILABLE
cold,BASELINE,runtime_rss_kb,0,NA,NA,NA,NA,NA,UNAVAILABLE
cold,BASELINE,runtime_vms_kb,0,NA,NA,NA,NA,NA,UNAVAILABLE
cold,BASELINE,benchmark_cpu_percent,5,175.293,181.379,152.089,186.544,13.959,MEASURED
cold,BASELINE,benchmark_rss_kb,5,10068.800,10056.000,9992.000,10184.000,70.108,MEASURED
cold,BASELINE,discovery_us,0,NA,NA,NA,NA,NA,UNAVAILABLE
cold,BASELINE,queue_wait_us,0,NA,NA,NA,NA,NA,UNAVAILABLE
cold,BASELINE,worker_execution_us,0,NA,NA,NA,NA,NA,UNAVAILABLE
cold,BASELINE,phase3_us,0,NA,NA,NA,NA,NA,UNAVAILABLE
cold,BASELINE,pipeline_serial_wait_us,0,NA,NA,NA,NA,NA,UNAVAILABLE
cold,BASELINE,phase4_us,0,NA,NA,NA,NA,NA,UNAVAILABLE
cold,BASELINE,phase5_us,0,NA,NA,NA,NA,NA,UNAVAILABLE
cold,BASELINE,phase6_us,0,NA,NA,NA,NA,NA,UNAVAILABLE
cold,BASELINE,coordinator_overhead_us,0,NA,NA,NA,NA,NA,UNAVAILABLE
cold,BASELINE,completion_latency_us,0,NA,NA,NA,NA,NA,UNAVAILABLE
cold,BASELINE,queue_depth_max,0,NA,NA,NA,NA,NA,UNAVAILABLE
cold,BASELINE,runtime_cycle_total_us,0,NA,NA,NA,NA,NA,UNAVAILABLE
cold,BASELINE,runtime_cycle_count,0,NA,NA,NA,NA,NA,UNAVAILABLE
cold,BASELINE,jobs_submitted,0,NA,NA,NA,NA,NA,UNAVAILABLE
cold,BASELINE,jobs_executed,0,NA,NA,NA,NA,NA,UNAVAILABLE
cold,BASELINE,jobs_deferred,0,NA,NA,NA,NA,NA,UNAVAILABLE
cold,BASELINE,queue_saturation_events,0,NA,NA,NA,NA,NA,UNAVAILABLE
cold,INTEGRATED,benchmark_elapsed_ms,5,302.397,291.034,263.968,334.971,30.164,MEASURED
cold,INTEGRATED,benchmark_throughput_ops_sec,5,6667185.215,6872059.609,5970671.072,7576677.253,670266.286,MEASURED
cold,INTEGRATED,runtime_cpu_percent,5,56.880,56.303,54.094,61.842,2.967,MEASURED
cold,INTEGRATED,runtime_rss_kb,5,4508.800,4624.000,4048.000,4624.000,257.595,MEASURED
cold,INTEGRATED,runtime_vms_kb,5,154603.200,154592.000,154592.000,154620.000,15.336,MEASURED
cold,INTEGRATED,benchmark_cpu_percent,5,175.207,178.112,161.326,185.748,10.063,MEASURED
cold,INTEGRATED,benchmark_rss_kb,5,10068.800,10056.000,9992.000,10184.000,70.108,MEASURED
cold,INTEGRATED,discovery_us,5,59493.700,58894.913,53147.431,66377.536,4921.670,MEASURED
cold,INTEGRATED,queue_wait_us,5,421.949,357.689,74.000,813.307,364.037,MEASURED
cold,INTEGRATED,worker_execution_us,5,3334.089,2606.497,2254.875,6531.882,1798.708,MEASURED
cold,INTEGRATED,phase3_us,5,3328.219,2600.677,2249.640,6525.424,1798.332,MEASURED
cold,INTEGRATED,pipeline_serial_wait_us,5,260.513,272.417,213.546,289.302,30.361,MEASURED
cold,INTEGRATED,phase4_us,5,7246.443,4832.929,4237.846,14290.550,4265.517,MEASURED
cold,INTEGRATED,phase5_us,5,8130.613,5731.427,4117.447,18189.123,5708.848,MEASURED
cold,INTEGRATED,phase6_us,5,6173.918,5414.087,3685.318,12598.359,3691.342,MEASURED
cold,INTEGRATED,coordinator_overhead_us,5,1130.513,989.995,679.915,1987.887,501.445,MEASURED
cold,INTEGRATED,completion_latency_us,5,3826.599,2743.191,2605.457,7409.968,2052.177,MEASURED
cold,INTEGRATED,queue_depth_max,5,0.000,0.000,0.000,0.000,0.000,MEASURED
cold,INTEGRATED,runtime_cycle_total_us,5,121207.298,118766.398,104439.967,145983.751,16808.492,MEASURED
cold,INTEGRATED,runtime_cycle_count,5,1.000,1.000,1.000,1.000,0.000,MEASURED
cold,INTEGRATED,jobs_submitted,5,1.000,1.000,1.000,1.000,0.000,MEASURED
cold,INTEGRATED,jobs_executed,5,1.000,1.000,1.000,1.000,0.000,MEASURED
cold,INTEGRATED,jobs_deferred,5,0.000,0.000,0.000,0.000,0.000,MEASURED
cold,INTEGRATED,queue_saturation_events,5,0.000,0.000,0.000,0.000,0.000,MEASURED
mixed,BASELINE,benchmark_elapsed_ms,5,215.585,217.515,197.015,240.728,18.210,MEASURED
mixed,BASELINE,benchmark_throughput_ops_sec,5,9329512.778,9194779.970,8308130.411,10151486.779,777461.548,MEASURED
mixed,BASELINE,runtime_cpu_percent,0,NA,NA,NA,NA,NA,UNAVAILABLE
mixed,BASELINE,runtime_rss_kb,0,NA,NA,NA,NA,NA,UNAVAILABLE
mixed,BASELINE,runtime_vms_kb,0,NA,NA,NA,NA,NA,UNAVAILABLE
mixed,BASELINE,benchmark_cpu_percent,5,182.222,181.853,177.704,187.623,3.542,MEASURED
mixed,BASELINE,benchmark_rss_kb,5,10067.200,10056.000,10052.000,10116.000,27.335,MEASURED
mixed,BASELINE,discovery_us,0,NA,NA,NA,NA,NA,UNAVAILABLE
mixed,BASELINE,queue_wait_us,0,NA,NA,NA,NA,NA,UNAVAILABLE
mixed,BASELINE,worker_execution_us,0,NA,NA,NA,NA,NA,UNAVAILABLE
mixed,BASELINE,phase3_us,0,NA,NA,NA,NA,NA,UNAVAILABLE
mixed,BASELINE,pipeline_serial_wait_us,0,NA,NA,NA,NA,NA,UNAVAILABLE
mixed,BASELINE,phase4_us,0,NA,NA,NA,NA,NA,UNAVAILABLE
mixed,BASELINE,phase5_us,0,NA,NA,NA,NA,NA,UNAVAILABLE
mixed,BASELINE,phase6_us,0,NA,NA,NA,NA,NA,UNAVAILABLE
mixed,BASELINE,coordinator_overhead_us,0,NA,NA,NA,NA,NA,UNAVAILABLE
mixed,BASELINE,completion_latency_us,0,NA,NA,NA,NA,NA,UNAVAILABLE
mixed,BASELINE,queue_depth_max,0,NA,NA,NA,NA,NA,UNAVAILABLE
mixed,BASELINE,runtime_cycle_total_us,0,NA,NA,NA,NA,NA,UNAVAILABLE
mixed,BASELINE,runtime_cycle_count,0,NA,NA,NA,NA,NA,UNAVAILABLE
mixed,BASELINE,jobs_submitted,0,NA,NA,NA,NA,NA,UNAVAILABLE
mixed,BASELINE,jobs_executed,0,NA,NA,NA,NA,NA,UNAVAILABLE
mixed,BASELINE,jobs_deferred,0,NA,NA,NA,NA,NA,UNAVAILABLE
mixed,BASELINE,queue_saturation_events,0,NA,NA,NA,NA,NA,UNAVAILABLE
mixed,INTEGRATED,benchmark_elapsed_ms,5,259.798,256.713,216.984,336.502,47.410,MEASURED
mixed,INTEGRATED,benchmark_throughput_ops_sec,5,7885501.375,7790812.417,5943492.972,9217286.552,1294242.701,MEASURED
mixed,INTEGRATED,runtime_cpu_percent,5,57.618,57.044,48.818,65.808,6.769,MEASURED
mixed,INTEGRATED,runtime_rss_kb,5,4535.200,4564.000,4240.000,4688.000,173.076,MEASURED
mixed,INTEGRATED,runtime_vms_kb,5,154614.400,154620.000,154592.000,154620.000,12.522,MEASURED
mixed,INTEGRATED,benchmark_cpu_percent,5,177.765,181.457,158.228,188.599,12.197,MEASURED
mixed,INTEGRATED,benchmark_rss_kb,5,10081.600,10056.000,10056.000,10184.000,57.243,MEASURED
mixed,INTEGRATED,discovery_us,5,53270.636,54175.631,41370.453,71617.739,11755.248,MEASURED
mixed,INTEGRATED,queue_wait_us,5,549.004,324.024,81.104,1669.851,660.297,MEASURED
mixed,INTEGRATED,worker_execution_us,5,2587.815,2659.207,2235.815,2982.776,310.622,MEASURED
mixed,INTEGRATED,phase3_us,5,2582.326,2653.876,2231.953,2976.258,309.710,MEASURED
mixed,INTEGRATED,pipeline_serial_wait_us,5,266.298,284.106,210.189,305.684,39.326,MEASURED
mixed,INTEGRATED,phase4_us,5,6368.738,5090.656,4383.885,11281.061,2868.668,MEASURED
mixed,INTEGRATED,phase5_us,5,7897.454,7390.009,4583.278,12961.047,3368.718,MEASURED
mixed,INTEGRATED,phase6_us,5,6150.580,5907.546,3770.818,7900.464,1681.429,MEASURED
mixed,INTEGRATED,coordinator_overhead_us,5,954.116,956.725,807.634,1041.496,93.493,MEASURED
mixed,INTEGRATED,completion_latency_us,5,3205.984,3051.038,2376.133,4496.953,780.956,MEASURED
mixed,INTEGRATED,queue_depth_max,5,0.000,0.000,0.000,0.000,0.000,MEASURED
mixed,INTEGRATED,runtime_cycle_total_us,5,114400.878,108279.963,98215.775,138863.652,16086.518,MEASURED
mixed,INTEGRATED,runtime_cycle_count,5,1.000,1.000,1.000,1.000,0.000,MEASURED
mixed,INTEGRATED,jobs_submitted,5,1.000,1.000,1.000,1.000,0.000,MEASURED
mixed,INTEGRATED,jobs_executed,5,1.000,1.000,1.000,1.000,0.000,MEASURED
mixed,INTEGRATED,jobs_deferred,5,0.000,0.000,0.000,0.000,0.000,MEASURED
mixed,INTEGRATED,queue_saturation_events,5,0.000,0.000,0.000,0.000,0.000,MEASURED
changing,BASELINE,benchmark_elapsed_ms,5,301.681,297.808,261.102,364.824,43.931,MEASURED
changing,BASELINE,benchmark_throughput_ops_sec,5,6738832.193,6715737.441,5482099.909,7659840.428,942692.691,MEASURED
changing,BASELINE,runtime_cpu_percent,0,NA,NA,NA,NA,NA,UNAVAILABLE
changing,BASELINE,runtime_rss_kb,0,NA,NA,NA,NA,NA,UNAVAILABLE
changing,BASELINE,runtime_vms_kb,0,NA,NA,NA,NA,NA,UNAVAILABLE
changing,BASELINE,benchmark_cpu_percent,5,187.406,187.679,181.387,190.635,3.728,MEASURED
changing,BASELINE,benchmark_rss_kb,5,10056.000,10056.000,9928.000,10184.000,101.193,MEASURED
changing,BASELINE,discovery_us,0,NA,NA,NA,NA,NA,UNAVAILABLE
changing,BASELINE,queue_wait_us,0,NA,NA,NA,NA,NA,UNAVAILABLE
changing,BASELINE,worker_execution_us,0,NA,NA,NA,NA,NA,UNAVAILABLE
changing,BASELINE,phase3_us,0,NA,NA,NA,NA,NA,UNAVAILABLE
changing,BASELINE,pipeline_serial_wait_us,0,NA,NA,NA,NA,NA,UNAVAILABLE
changing,BASELINE,phase4_us,0,NA,NA,NA,NA,NA,UNAVAILABLE
changing,BASELINE,phase5_us,0,NA,NA,NA,NA,NA,UNAVAILABLE
changing,BASELINE,phase6_us,0,NA,NA,NA,NA,NA,UNAVAILABLE
changing,BASELINE,coordinator_overhead_us,0,NA,NA,NA,NA,NA,UNAVAILABLE
changing,BASELINE,completion_latency_us,0,NA,NA,NA,NA,NA,UNAVAILABLE
changing,BASELINE,queue_depth_max,0,NA,NA,NA,NA,NA,UNAVAILABLE
changing,BASELINE,runtime_cycle_total_us,0,NA,NA,NA,NA,NA,UNAVAILABLE
changing,BASELINE,runtime_cycle_count,0,NA,NA,NA,NA,NA,UNAVAILABLE
changing,BASELINE,jobs_submitted,0,NA,NA,NA,NA,NA,UNAVAILABLE
changing,BASELINE,jobs_executed,0,NA,NA,NA,NA,NA,UNAVAILABLE
changing,BASELINE,jobs_deferred,0,NA,NA,NA,NA,NA,UNAVAILABLE
changing,BASELINE,queue_saturation_events,0,NA,NA,NA,NA,NA,UNAVAILABLE
changing,INTEGRATED,benchmark_elapsed_ms,5,308.021,303.756,267.874,361.601,37.305,MEASURED
changing,INTEGRATED,benchmark_throughput_ops_sec,5,6567482.150,6584226.489,5530958.553,7466207.302,771060.192,MEASURED
changing,INTEGRATED,runtime_cpu_percent,5,56.370,56.539,48.628,63.030,5.130,MEASURED
changing,INTEGRATED,runtime_rss_kb,5,4547.200,4560.000,4368.000,4688.000,123.106,MEASURED
changing,INTEGRATED,runtime_vms_kb,5,154614.400,154620.000,154592.000,154620.000,12.522,MEASURED
changing,INTEGRATED,benchmark_cpu_percent,5,187.327,187.770,184.004,191.533,3.315,MEASURED
changing,INTEGRATED,benchmark_rss_kb,5,10028.800,10056.000,9924.000,10056.000,58.611,MEASURED
changing,INTEGRATED,discovery_us,5,48677.543,44742.593,42014.739,62498.061,8415.547,MEASURED
changing,INTEGRATED,queue_wait_us,5,328.034,139.585,119.475,704.952,277.234,MEASURED
changing,INTEGRATED,worker_execution_us,5,2253.135,2326.775,1608.421,2818.174,531.562,MEASURED
changing,INTEGRATED,phase3_us,5,2248.268,2321.903,1605.152,2812.369,530.284,MEASURED
changing,INTEGRATED,pipeline_serial_wait_us,5,660.409,257.641,190.062,2348.317,944.355,MEASURED
changing,INTEGRATED,phase4_us,5,6367.586,4998.766,3233.695,11263.424,3170.161,MEASURED
changing,INTEGRATED,phase5_us,5,4731.387,4703.143,3836.569,5987.348,865.818,MEASURED
changing,INTEGRATED,phase6_us,5,4168.221,4028.107,2983.609,5355.078,888.206,MEASURED
changing,INTEGRATED,coordinator_overhead_us,5,748.678,752.964,624.190,838.714,81.181,MEASURED
changing,INTEGRATED,completion_latency_us,5,2648.842,2535.898,1771.730,3605.106,803.101,MEASURED
changing,INTEGRATED,queue_depth_max,5,0.000,0.000,0.000,0.000,0.000,MEASURED
changing,INTEGRATED,runtime_cycle_total_us,5,103197.164,102137.542,87219.323,118940.718,11635.110,MEASURED
changing,INTEGRATED,runtime_cycle_count,5,1.000,1.000,1.000,1.000,0.000,MEASURED
changing,INTEGRATED,jobs_submitted,5,1.000,1.000,1.000,1.000,0.000,MEASURED
changing,INTEGRATED,jobs_executed,5,1.000,1.000,1.000,1.000,0.000,MEASURED
changing,INTEGRATED,jobs_deferred,5,0.000,0.000,0.000,0.000,0.000,MEASURED
changing,INTEGRATED,queue_saturation_events,5,0.000,0.000,0.000,0.000,0.000,MEASURED
local,BASELINE,benchmark_elapsed_ms,5,112.409,112.945,106.647,119.751,5.381,MEASURED
local,BASELINE,benchmark_throughput_ops_sec,5,17824540.089,17707702.651,16701284.255,18753434.806,846939.537,MEASURED
local,BASELINE,runtime_cpu_percent,0,NA,NA,NA,NA,NA,UNAVAILABLE
local,BASELINE,runtime_rss_kb,0,NA,NA,NA,NA,NA,UNAVAILABLE
local,BASELINE,runtime_vms_kb,0,NA,NA,NA,NA,NA,UNAVAILABLE
local,BASELINE,benchmark_cpu_percent,5,174.761,177.117,164.510,181.010,6.279,MEASURED
local,BASELINE,benchmark_rss_kb,5,10056.000,10056.000,9928.000,10184.000,90.510,MEASURED
local,BASELINE,discovery_us,0,NA,NA,NA,NA,NA,UNAVAILABLE
local,BASELINE,queue_wait_us,0,NA,NA,NA,NA,NA,UNAVAILABLE
local,BASELINE,worker_execution_us,0,NA,NA,NA,NA,NA,UNAVAILABLE
local,BASELINE,phase3_us,0,NA,NA,NA,NA,NA,UNAVAILABLE
local,BASELINE,pipeline_serial_wait_us,0,NA,NA,NA,NA,NA,UNAVAILABLE
local,BASELINE,phase4_us,0,NA,NA,NA,NA,NA,UNAVAILABLE
local,BASELINE,phase5_us,0,NA,NA,NA,NA,NA,UNAVAILABLE
local,BASELINE,phase6_us,0,NA,NA,NA,NA,NA,UNAVAILABLE
local,BASELINE,coordinator_overhead_us,0,NA,NA,NA,NA,NA,UNAVAILABLE
local,BASELINE,completion_latency_us,0,NA,NA,NA,NA,NA,UNAVAILABLE
local,BASELINE,queue_depth_max,0,NA,NA,NA,NA,NA,UNAVAILABLE
local,BASELINE,runtime_cycle_total_us,0,NA,NA,NA,NA,NA,UNAVAILABLE
local,BASELINE,runtime_cycle_count,0,NA,NA,NA,NA,NA,UNAVAILABLE
local,BASELINE,jobs_submitted,0,NA,NA,NA,NA,NA,UNAVAILABLE
local,BASELINE,jobs_executed,0,NA,NA,NA,NA,NA,UNAVAILABLE
local,BASELINE,jobs_deferred,0,NA,NA,NA,NA,NA,UNAVAILABLE
local,BASELINE,queue_saturation_events,0,NA,NA,NA,NA,NA,UNAVAILABLE
local,INTEGRATED,benchmark_elapsed_ms,5,116.552,113.946,107.621,124.451,7.444,MEASURED
local,INTEGRATED,benchmark_throughput_ops_sec,5,17215651.530,17552123.774,16070615.184,18583762.494,1096075.574,MEASURED
local,INTEGRATED,runtime_cpu_percent,5,55.486,54.581,51.295,61.936,4.463,MEASURED
local,INTEGRATED,runtime_rss_kb,5,4444.800,4432.000,4304.000,4624.000,123.106,MEASURED
local,INTEGRATED,runtime_vms_kb,5,154614.400,154620.000,154592.000,154620.000,12.522,MEASURED
local,INTEGRATED,benchmark_cpu_percent,5,174.656,173.197,166.524,182.724,6.677,MEASURED
local,INTEGRATED,benchmark_rss_kb,5,10107.200,10056.000,10056.000,10312.000,114.487,MEASURED
local,INTEGRATED,discovery_us,5,49756.094,49015.632,46195.617,57527.769,4623.734,MEASURED
local,INTEGRATED,queue_wait_us,5,581.686,75.938,55.820,1822.275,777.523,MEASURED
local,INTEGRATED,worker_execution_us,5,2191.500,2333.302,1719.268,2438.148,293.302,MEASURED
local,INTEGRATED,phase3_us,5,2186.510,2327.865,1715.903,2432.642,292.455,MEASURED
local,INTEGRATED,pipeline_serial_wait_us,5,224.159,220.662,198.343,253.787,21.464,MEASURED
local,INTEGRATED,phase4_us,5,3687.082,3549.052,3267.009,4383.643,434.103,MEASURED
local,INTEGRATED,phase5_us,5,3993.597,3733.323,3600.865,5092.013,619.201,MEASURED
local,INTEGRATED,phase6_us,5,3203.150,3195.197,3014.883,3484.183,174.824,MEASURED
local,INTEGRATED,coordinator_overhead_us,5,742.871,757.728,653.900,845.643,78.870,MEASURED
local,INTEGRATED,completion_latency_us,5,2833.987,2573.403,1811.919,3985.206,828.017,MEASURED
local,INTEGRATED,queue_depth_max,5,0.000,0.000,0.000,0.000,0.000,MEASURED
local,INTEGRATED,runtime_cycle_total_us,5,98377.944,95229.428,94005.303,107673.148,5733.212,MEASURED
local,INTEGRATED,runtime_cycle_count,5,1.000,1.000,1.000,1.000,0.000,MEASURED
local,INTEGRATED,jobs_submitted,5,1.000,1.000,1.000,1.000,0.000,MEASURED
local,INTEGRATED,jobs_executed,5,1.000,1.000,1.000,1.000,0.000,MEASURED
local,INTEGRATED,jobs_deferred,5,0.000,0.000,0.000,0.000,0.000,MEASURED
local,INTEGRATED,queue_saturation_events,5,0.000,0.000,0.000,0.000,0.000,MEASURED
