run_id,run_type,mode,application_count,worker_count,iterations,group_makespan_ms,aggregate_throughput,runtime_cpu_percent,runtime_rss_kb,runtime_vms_kb,runtime_tree_cpu_percent,runtime_tree_rss_kb,runtime_tree_vms_kb,max_queue_depth,deferred_jobs,saturation_events,discovery_scan_count,discovery_total_us,status,notes
primary-a1-w1-warmup-1-baseline,WARMUP,BASELINE,1,1,17841231,3634.560,4908773.087,NA,NA,NA,NA,NA,NA,NA,0,0,0,NA,MEASURED,
primary-a1-w1-warmup-1-integrated,WARMUP,INTEGRATED,1,1,17841231,3835.756,4651294.248,22.577,5444.000,81896.000,22.577,8048.000,162016.000,0.000,0,0,16,768325.676,MEASURED,Error: target PID 243622 is unavailable for one sample.
primary-a1-w1-warmup-2-integrated,WARMUP,INTEGRATED,1,1,17841231,3797.537,4698105.916,21.752,5476.000,81888.000,21.752,10048.000,163776.000,0.000,0,0,16,712887.786,MEASURED,Error: target PID 243635 is unavailable for one sample.
primary-a1-w1-warmup-2-baseline,WARMUP,BASELINE,1,1,17841231,3887.676,4589175.908,NA,NA,NA,NA,NA,NA,NA,0,0,0,NA,MEASURED,
primary-a1-w1-warmup-3-baseline,WARMUP,BASELINE,1,1,17841231,4012.149,4446802.109,NA,NA,NA,NA,NA,NA,NA,0,0,0,NA,MEASURED,
primary-a1-w1-warmup-3-integrated,WARMUP,INTEGRATED,1,1,17841231,3832.360,4655415.911,22.414,5736.000,81860.000,22.414,8324.000,85844.000,0.000,0,0,16,752395.790,MEASURED,
primary-a1-w1-measured-4-integrated,MEASURED,INTEGRATED,1,1,17841231,3737.058,4774138.295,22.054,5544.000,81852.000,22.054,10116.000,163704.000,0.000,0,0,16,738688.763,MEASURED,
primary-a1-w1-measured-4-baseline,MEASURED,BASELINE,1,1,17841231,3622.537,4925065.871,NA,NA,NA,NA,NA,NA,NA,0,0,0,NA,MEASURED,
primary-a1-w1-measured-5-baseline,MEASURED,BASELINE,1,1,17841231,3648.203,4890416.817,NA,NA,NA,NA,NA,NA,NA,0,0,0,NA,MEASURED,
primary-a1-w1-measured-5-integrated,MEASURED,INTEGRATED,1,1,17841231,3757.837,4747739.989,22.648,5596.000,81876.000,22.648,10148.000,163752.000,0.000,0,0,16,750698.647,MEASURED,
primary-a1-w1-measured-6-integrated,MEASURED,INTEGRATED,1,1,17841231,3741.584,4768363.091,21.950,5736.000,81876.000,21.950,8056.000,85860.000,0.000,0,0,16,741941.051,MEASURED,
primary-a1-w1-measured-6-baseline,MEASURED,BASELINE,1,1,17841231,3740.230,4770089.636,NA,NA,NA,NA,NA,NA,NA,0,0,0,NA,MEASURED,
primary-a1-w1-measured-7-baseline,MEASURED,BASELINE,1,1,17841231,3680.964,4846890.786,NA,NA,NA,NA,NA,NA,NA,0,0,0,NA,MEASURED,
primary-a1-w1-measured-7-integrated,MEASURED,INTEGRATED,1,1,17841231,3720.788,4795014.496,22.551,5596.000,81876.000,22.551,8256.000,161992.000,0.000,0,0,16,756745.339,MEASURED,
primary-a1-w1-measured-8-integrated,MEASURED,INTEGRATED,1,1,17841231,3691.732,4832753.758,22.496,5528.000,81876.000,22.496,10084.000,163752.000,0.000,0,0,16,753817.292,MEASURED,
primary-a1-w1-measured-8-baseline,MEASURED,BASELINE,1,1,17841231,3661.230,4873015.263,NA,NA,NA,NA,NA,NA,NA,0,0,0,NA,MEASURED,
primary-a1-w2-warmup-1-baseline,WARMUP,BASELINE,1,2,17841231,3653.825,4882891.275,NA,NA,NA,NA,NA,NA,NA,0,0,0,NA,MEASURED,
primary-a1-w2-warmup-1-integrated,WARMUP,INTEGRATED,1,2,17841231,3767.709,4735299.236,22.231,5624.000,155608.000,22.231,7908.000,159592.000,0.000,0,0,16,743385.617,MEASURED,Error: target PID 243851 is unavailable for one sample.
primary-a1-w2-warmup-2-integrated,WARMUP,INTEGRATED,1,2,17841231,3787.869,4710097.595,22.120,5600.000,155608.000,22.120,6788.000,159540.000,0.000,0,0,16,738013.352,MEASURED,Error: target PID 243865 is unavailable for one sample.
primary-a1-w2-warmup-2-baseline,WARMUP,BASELINE,1,2,17841231,3670.357,4860898.406,NA,NA,NA,NA,NA,NA,NA,0,0,0,NA,MEASURED,
primary-a1-w2-warmup-3-baseline,WARMUP,BASELINE,1,2,17841231,3719.802,4796284.900,NA,NA,NA,NA,NA,NA,NA,0,0,0,NA,MEASURED,
primary-a1-w2-warmup-3-integrated,WARMUP,INTEGRATED,1,2,17841231,3760.822,4743970.959,23.298,5732.000,155608.000,23.298,9920.000,311216.000,0.000,0,0,16,796089.559,MEASURED,Error: target PID 243888 is unavailable for one sample.
primary-a1-w2-measured-4-integrated,MEASURED,INTEGRATED,1,2,17841231,3776.992,4723660.879,22.783,5464.000,155608.000,22.783,9944.000,311216.000,0.000,0,0,16,765971.251,MEASURED,Error: target PID 243902 is unavailable for one sample.
primary-a1-w2-measured-4-baseline,MEASURED,BASELINE,1,2,17841231,3619.537,4929147.038,NA,NA,NA,NA,NA,NA,NA,0,0,0,NA,MEASURED,
primary-a1-w2-measured-5-baseline,MEASURED,BASELINE,1,2,17841231,3133.827,5693113.085,NA,NA,NA,NA,NA,NA,NA,0,0,0,NA,MEASURED,
primary-a1-w2-measured-5-integrated,MEASURED,INTEGRATED,1,2,17841231,3111.430,5734093.256,18.334,5460.000,155608.000,18.334,7792.000,159592.000,0.000,0,0,16,605658.406,MEASURED,
primary-a1-w2-measured-6-integrated,MEASURED,INTEGRATED,1,2,17841231,3288.467,5425394.928,19.055,5468.000,155600.000,19.055,10076.000,311200.000,0.000,0,0,16,640396.368,MEASURED,Error: target PID 243935 is unavailable for one sample.
primary-a1-w2-measured-6-baseline,MEASURED,BASELINE,1,2,17841231,2973.483,6000111.421,NA,NA,NA,NA,NA,NA,NA,0,0,0,NA,MEASURED,
primary-a1-w2-measured-7-baseline,MEASURED,BASELINE,1,2,17841231,3010.730,5925882.410,NA,NA,NA,NA,NA,NA,NA,0,0,0,NA,MEASURED,
primary-a1-w2-measured-7-integrated,MEASURED,INTEGRATED,1,2,17841231,3191.677,5589923.080,19.011,5600.000,155608.000,19.011,8000.000,159592.000,0.000,0,0,16,634233.613,MEASURED,
primary-a1-w2-measured-8-integrated,MEASURED,INTEGRATED,1,2,17841231,3521.897,5065800.948,20.482,5684.000,155608.000,20.482,10176.000,311216.000,0.000,0,0,16,666178.489,MEASURED,
primary-a1-w2-measured-8-baseline,MEASURED,BASELINE,1,2,17841231,3629.522,4915586.970,NA,NA,NA,NA,NA,NA,NA,0,0,0,NA,MEASURED,
primary-a1-w4-warmup-1-baseline,WARMUP,BASELINE,1,4,17841231,3742.103,4767702.100,NA,NA,NA,NA,NA,NA,NA,0,0,0,NA,MEASURED,
primary-a1-w4-warmup-1-integrated,WARMUP,INTEGRATED,1,4,17841231,3772.331,4729497.892,22.027,5736.000,303076.000,22.027,10464.000,606152.000,0.000,0,0,16,756644.549,MEASURED,Error: target PID 244000 is unavailable for one sample.
primary-a1-w4-warmup-2-integrated,WARMUP,INTEGRATED,1,4,17841231,3650.902,4886801.330,21.100,5880.000,303076.000,21.100,10608.000,606152.000,0.000,0,0,16,692472.252,MEASURED,
primary-a1-w4-warmup-2-baseline,WARMUP,BASELINE,1,4,17841231,3704.777,4815736.529,NA,NA,NA,NA,NA,NA,NA,0,0,0,NA,MEASURED,
primary-a1-w4-warmup-3-baseline,WARMUP,BASELINE,1,4,17841231,3669.038,4862645.439,NA,NA,NA,NA,NA,NA,NA,0,0,0,NA,MEASURED,
primary-a1-w4-warmup-3-integrated,WARMUP,INTEGRATED,1,4,17841231,3894.402,4581250.700,23.990,5724.000,303076.000,23.990,6616.000,307008.000,0.000,0,0,16,807621.023,MEASURED,Error: target PID 244042 is unavailable for one sample.
primary-a1-w4-measured-4-integrated,MEASURED,INTEGRATED,1,4,17841231,3540.401,5039325.361,22.403,5572.000,303076.000,22.403,6156.000,306988.000,0.000,0,0,16,776194.845,MEASURED,Error: target PID 244067 is unavailable for one sample.
primary-a1-w4-measured-4-baseline,MEASURED,BASELINE,1,4,17841231,3784.880,4713816.284,NA,NA,NA,NA,NA,NA,NA,0,0,0,NA,MEASURED,
primary-a1-w4-measured-5-baseline,MEASURED,BASELINE,1,4,17841231,3635.380,4907666.042,NA,NA,NA,NA,NA,NA,NA,0,0,0,NA,MEASURED,
primary-a1-w4-measured-5-integrated,MEASURED,INTEGRATED,1,4,17841231,3620.367,4928016.686,21.733,5408.000,303064.000,21.733,9988.000,606128.000,0.000,0,0,16,720400.869,MEASURED,
primary-a1-w4-measured-6-integrated,MEASURED,INTEGRATED,1,4,17841231,3674.375,4855582.996,22.047,5732.000,303064.000,22.047,9756.000,606128.000,0.000,0,0,16,735942.186,MEASURED,
primary-a1-w4-measured-6-baseline,MEASURED,BASELINE,1,4,17841231,3470.689,5140544.520,NA,NA,NA,NA,NA,NA,NA,0,0,0,NA,MEASURED,
primary-a1-w4-measured-7-baseline,MEASURED,BASELINE,1,4,17841231,3567.464,5001096.315,NA,NA,NA,NA,NA,NA,NA,0,0,0,NA,MEASURED,
primary-a1-w4-measured-7-integrated,MEASURED,INTEGRATED,1,4,17841231,3569.843,4997763.476,22.125,5616.000,303076.000,22.125,7616.000,306924.000,0.000,0,0,16,735305.976,MEASURED,Error: target PID 244154 is unavailable for one sample.
primary-a1-w4-measured-8-integrated,MEASURED,INTEGRATED,1,4,17841231,3645.086,4894598.501,21.962,5724.000,303076.000,21.962,8020.000,307060.000,0.000,0,0,16,711944.233,MEASURED,
primary-a1-w4-measured-8-baseline,MEASURED,BASELINE,1,4,17841231,3681.758,4845845.591,NA,NA,NA,NA,NA,NA,NA,0,0,0,NA,MEASURED,
primary-a2-w1-warmup-1-baseline,WARMUP,BASELINE,2,1,17841231,3755.516,9501347.243,NA,NA,NA,NA,NA,NA,NA,0,0,0,NA,MEASURED,
primary-a2-w1-warmup-1-integrated,WARMUP,INTEGRATED,2,1,17841231,3824.502,9329962.860,24.763,5748.000,81868.000,24.763,9664.000,163736.000,1.000,0,0,16,800473.511,MEASURED,"Error: target PID 244205 is unavailable for one sample.
Error: target PID 244204 is unavailable for one sample."
primary-a2-w1-warmup-2-integrated,WARMUP,INTEGRATED,2,1,17841231,3855.955,9253858.140,23.748,5480.000,81856.000,23.748,7740.000,85828.000,1.000,0,0,16,757049.240,MEASURED,"Error: target PID 244228 is unavailable for one sample.
Error: target PID 244229 is unavailable for one sample."
primary-a2-w1-warmup-2-baseline,WARMUP,BASELINE,2,1,17841231,3758.394,9494071.799,NA,NA,NA,NA,NA,NA,NA,0,0,0,NA,MEASURED,
primary-a2-w1-warmup-3-baseline,WARMUP,BASELINE,2,1,17841231,3786.488,9423630.417,NA,NA,NA,NA,NA,NA,NA,0,0,0,NA,MEASURED,
primary-a2-w1-warmup-3-integrated,WARMUP,INTEGRATED,2,1,17841231,3899.187,9151256.662,25.352,5740.000,81888.000,25.352,10320.000,163776.000,1.000,0,0,16,809539.265,MEASURED,Error: target PID 244264 is unavailable for one sample.
primary-a2-w1-measured-4-integrated,MEASURED,INTEGRATED,2,1,17841231,3962.769,9004426.275,24.722,5612.000,81888.000,24.722,7876.000,85860.000,1.000,0,0,16,818600.362,MEASURED,Error: target PID 244289 is unavailable for one sample.
primary-a2-w1-measured-4-baseline,MEASURED,BASELINE,2,1,17841231,3414.659,10449787.432,NA,NA,NA,NA,NA,NA,NA,0,0,0,NA,MEASURED,
primary-a2-w1-measured-5-baseline,MEASURED,BASELINE,2,1,17841231,3266.171,10924861.792,NA,NA,NA,NA,NA,NA,NA,0,0,0,NA,MEASURED,
primary-a2-w1-measured-5-integrated,MEASURED,INTEGRATED,2,1,17841231,3434.627,10389035.355,21.099,5476.000,81848.000,21.099,10040.000,163696.000,1.000,0,0,16,667379.703,MEASURED,
primary-a2-w1-measured-6-integrated,MEASURED,INTEGRATED,2,1,17841231,3557.710,10029614.461,22.718,5500.000,81892.000,22.718,7868.000,85876.000,1.000,0,0,16,728112.543,MEASURED,"Error: target PID 244358 is unavailable for one sample.
Error: target PID 244359 is unavailable for one sample."
primary-a2-w1-measured-6-baseline,MEASURED,BASELINE,2,1,17841231,3259.331,10947788.730,NA,NA,NA,NA,NA,NA,NA,0,0,0,NA,MEASURED,
primary-a2-w1-measured-7-baseline,MEASURED,BASELINE,2,1,17841231,3429.774,10403735.100,NA,NA,NA,NA,NA,NA,NA,0,0,0,NA,MEASURED,
primary-a2-w1-measured-7-integrated,MEASURED,INTEGRATED,2,1,17841231,3870.531,9219010.340,24.677,5420.000,81856.000,24.677,10000.000,163712.000,1.000,0,0,16,786932.108,MEASURED,Error: target PID 244534 is unavailable for one sample.
primary-a2-w1-measured-8-integrated,MEASURED,INTEGRATED,2,1,17841231,3718.037,9597123.878,23.610,5484.000,81856.000,23.610,7660.000,85816.000,1.000,0,0,16,729852.052,MEASURED,
primary-a2-w1-measured-8-baseline,MEASURED,BASELINE,2,1,17841231,3720.200,9591545.055,NA,NA,NA,NA,NA,NA,NA,0,0,0,NA,MEASURED,
primary-a2-w2-warmup-1-baseline,WARMUP,BASELINE,2,2,17841231,3661.162,9746211.706,NA,NA,NA,NA,NA,NA,NA,0,0,0,NA,MEASURED,
primary-a2-w2-warmup-1-integrated,WARMUP,INTEGRATED,2,2,17841231,3840.470,9291169.983,24.968,5604.000,155588.000,24.968,8004.000,159572.000,1.000,0,0,16,785306.682,MEASURED,"Error: target PID 244591 is unavailable for one sample.
Error: target PID 244592 is unavailable for one sample."
primary-a2-w2-warmup-2-integrated,WARMUP,INTEGRATED,2,2,17841231,3998.226,8924572.613,25.747,5616.000,155620.000,25.747,7844.000,159592.000,1.000,0,0,16,827495.677,MEASURED,Error: target PID 244625 is unavailable for one sample.
primary-a2-w2-warmup-2-baseline,WARMUP,BASELINE,2,2,17841231,3850.025,9268111.794,NA,NA,NA,NA,NA,NA,NA,0,0,0,NA,MEASURED,
primary-a2-w2-warmup-3-baseline,WARMUP,BASELINE,2,2,17841231,3681.228,9693087.850,NA,NA,NA,NA,NA,NA,NA,0,0,0,NA,MEASURED,
primary-a2-w2-warmup-3-integrated,WARMUP,INTEGRATED,2,2,17841231,3753.997,9505191.657,24.191,5612.000,155588.000,24.191,7976.000,159572.000,1.000,0,0,16,733314.601,MEASURED,Error: target PID 244669 is unavailable for one sample.
primary-a2-w2-measured-4-integrated,MEASURED,INTEGRATED,2,2,17841231,3867.975,9225102.458,24.532,5744.000,155588.000,24.532,8608.000,309472.000,1.000,0,0,16,763507.785,MEASURED,"Error: target PID 244694 is unavailable for one sample.
Error: target PID 244695 is unavailable for one sample."
primary-a2-w2-measured-4-baseline,MEASURED,BASELINE,2,2,17841231,3718.091,9596983.727,NA,NA,NA,NA,NA,NA,NA,0,0,0,NA,MEASURED,
primary-a2-w2-measured-5-baseline,MEASURED,BASELINE,2,2,17841231,3723.755,9582386.349,NA,NA,NA,NA,NA,NA,NA,0,0,0,NA,MEASURED,
primary-a2-w2-measured-5-integrated,MEASURED,INTEGRATED,2,2,17841231,3820.268,9340302.678,24.481,5620.000,155588.000,24.481,7184.000,159496.000,1.000,0,0,16,760046.745,MEASURED,"Error: target PID 244727 is unavailable for one sample.
Error: target PID 244728 is unavailable for one sample."
primary-a2-w2-measured-6-integrated,MEASURED,INTEGRATED,2,2,17841231,3801.438,9386570.397,24.473,5744.000,155588.000,24.473,8156.000,159572.000,1.000,0,0,16,769495.236,MEASURED,Error: target PID 244753 is unavailable for one sample.
primary-a2-w2-measured-6-baseline,MEASURED,BASELINE,2,2,17841231,3752.855,9508084.796,NA,NA,NA,NA,NA,NA,NA,0,0,0,NA,MEASURED,
primary-a2-w2-measured-7-baseline,MEASURED,BASELINE,2,2,17841231,3717.781,9597784.485,NA,NA,NA,NA,NA,NA,NA,0,0,0,NA,MEASURED,
primary-a2-w2-measured-7-integrated,MEASURED,INTEGRATED,2,2,17841231,3839.245,9294135.088,24.504,5624.000,155588.000,24.504,8028.000,159572.000,1.000,0,0,16,764852.426,MEASURED,"Error: target PID 244788 is unavailable for one sample.
Error: target PID 244789 is unavailable for one sample."
primary-a2-w2-measured-8-integrated,MEASURED,INTEGRATED,2,2,17841231,3920.292,9101990.306,25.686,5488.000,155588.000,25.686,10004.000,311176.000,1.000,0,0,16,853219.531,MEASURED,Error: target PID 244817 is unavailable for one sample.
primary-a2-w2-measured-8-baseline,MEASURED,BASELINE,2,2,17841231,3690.565,9668564.190,NA,NA,NA,NA,NA,NA,NA,0,0,0,NA,MEASURED,
primary-a2-w4-warmup-1-baseline,WARMUP,BASELINE,2,4,17841231,3759.252,9491904.957,NA,NA,NA,NA,NA,NA,NA,0,0,0,NA,MEASURED,
primary-a2-w4-warmup-1-integrated,WARMUP,INTEGRATED,2,4,17841231,4240.112,8415452.481,26.548,5892.000,303084.000,26.548,8268.000,307068.000,1.000,0,0,20,1122379.101,MEASURED,Error: target PID 244863 is unavailable for one sample.
primary-a2-w4-warmup-2-integrated,WARMUP,INTEGRATED,2,4,17841231,4318.546,8262610.159,25.428,5760.000,303084.000,25.428,10388.000,606168.000,1.000,0,0,20,1106565.700,MEASURED,Error: target PID 244898 is unavailable for one sample.
primary-a2-w4-warmup-2-baseline,WARMUP,BASELINE,2,4,17841231,4333.388,8234310.081,NA,NA,NA,NA,NA,NA,NA,0,0,0,NA,MEASURED,
primary-a2-w4-warmup-3-baseline,WARMUP,BASELINE,2,4,17841231,3813.947,9355784.020,NA,NA,NA,NA,NA,NA,NA,0,0,0,NA,MEASURED,
primary-a2-w4-warmup-3-integrated,WARMUP,INTEGRATED,2,4,17841231,3989.168,8944838.326,25.675,5648.000,303084.000,25.675,10276.000,606168.000,1.000,0,0,16,866281.132,MEASURED,
primary-a2-w4-measured-4-integrated,MEASURED,INTEGRATED,2,4,17841231,3533.433,10098524.434,22.250,5756.000,303084.000,22.250,10384.000,606168.000,1.000,0,0,16,683942.085,MEASURED,Error: target PID 244969 is unavailable for one sample.
primary-a2-w4-measured-4-baseline,MEASURED,BASELINE,2,4,17841231,3258.991,10948928.778,NA,NA,NA,NA,NA,NA,NA,0,0,0,NA,MEASURED,
primary-a2-w4-measured-5-baseline,MEASURED,BASELINE,2,4,17841231,3439.788,10373448.208,NA,NA,NA,NA,NA,NA,NA,0,0,0,NA,MEASURED,
primary-a2-w4-measured-5-integrated,MEASURED,INTEGRATED,2,4,17841231,3351.577,10646469.437,20.844,5764.000,303084.000,20.844,8160.000,307068.000,1.000,0,0,16,637506.506,MEASURED,
primary-a2-w4-measured-6-integrated,MEASURED,INTEGRATED,2,4,17841231,3374.658,10573651.700,20.458,5628.000,303084.000,20.458,10256.000,606168.000,1.000,0,0,16,617249.469,MEASURED,
primary-a2-w4-measured-6-baseline,MEASURED,BASELINE,2,4,17841231,3479.378,10255415.213,NA,NA,NA,NA,NA,NA,NA,0,0,0,NA,MEASURED,
primary-a2-w4-measured-7-baseline,MEASURED,BASELINE,2,4,17841231,3281.077,10875229.735,NA,NA,NA,NA,NA,NA,NA,0,0,0,NA,MEASURED,
primary-a2-w4-measured-7-integrated,MEASURED,INTEGRATED,2,4,17841231,3645.236,9788792.712,23.522,5732.000,303084.000,23.522,10476.000,606168.000,1.000,0,0,16,731748.824,MEASURED,
primary-a2-w4-measured-8-integrated,MEASURED,INTEGRATED,2,4,17841231,3804.786,9378310.480,25.777,5660.000,303084.000,25.777,10280.000,606168.000,1.000,0,0,16,798288.819,MEASURED,Error: target PID 245094 is unavailable for one sample.
primary-a2-w4-measured-8-baseline,MEASURED,BASELINE,2,4,17841231,3646.644,9785012.571,NA,NA,NA,NA,NA,NA,NA,0,0,0,NA,MEASURED,
primary-a4-w1-warmup-1-baseline,WARMUP,BASELINE,4,1,17841231,4285.022,16654506.717,NA,NA,NA,NA,NA,NA,NA,0,0,0,NA,MEASURED,
primary-a4-w1-warmup-1-integrated,WARMUP,INTEGRATED,4,1,17841231,4422.560,16136565.332,28.411,5512.000,81876.000,28.411,8476.000,162024.000,3.000,0,0,20,1116894.675,MEASURED,"Error: target PID 245134 is unavailable for one sample.
Error: target PID 245137 is unavailable for one sample."
primary-a4-w1-warmup-2-integrated,WARMUP,INTEGRATED,4,1,17841231,4667.947,15288289.361,28.914,5692.000,81876.000,28.914,8096.000,85860.000,3.000,0,0,20,1193385.275,MEASURED,"Error: target PID 245190 is unavailable for one sample.
Error: target PID 245191 is unavailable for one sample."
primary-a4-w1-warmup-2-baseline,WARMUP,BASELINE,4,1,17841231,4295.102,16615420.448,NA,NA,NA,NA,NA,NA,NA,0,0,0,NA,MEASURED,
primary-a4-w1-warmup-3-baseline,WARMUP,BASELINE,4,1,17841231,4707.052,15161278.233,NA,NA,NA,NA,NA,NA,NA,0,0,0,NA,MEASURED,
primary-a4-w1-warmup-3-integrated,WARMUP,INTEGRATED,4,1,17841231,5015.706,14228291.230,28.389,5580.000,81876.000,28.389,10212.000,163752.000,3.000,0,0,20,1166586.915,MEASURED,Error: target PID 245264 is unavailable for one sample.
primary-a4-w1-measured-4-integrated,MEASURED,INTEGRATED,4,1,17841231,5307.399,13446309.660,30.126,5636.000,81876.000,30.126,10264.000,163752.000,3.000,0,0,20,1300050.784,MEASURED,"Error: target PID 245324 is unavailable for one sample.
Error: target PID 245322 is unavailable for one sample.
Error: target PID 245325 is unavailable for one sample."
primary-a4-w1-measured-4-baseline,MEASURED,BASELINE,4,1,17841231,5258.805,13570558.737,NA,NA,NA,NA,NA,NA,NA,0,0,0,NA,MEASURED,
primary-a4-w1-measured-5-baseline,MEASURED,BASELINE,4,1,17841231,4279.872,16674548.005,NA,NA,NA,NA,NA,NA,NA,0,0,0,NA,MEASURED,
primary-a4-w1-measured-5-integrated,MEASURED,INTEGRATED,4,1,17841231,4382.261,16284955.617,28.559,5688.000,81876.000,28.559,10312.000,163752.000,3.000,0,0,20,1171131.769,MEASURED,
primary-a4-w1-measured-6-integrated,MEASURED,INTEGRATED,4,1,17841231,5958.234,11977529.678,27.812,5444.000,81876.000,27.812,9940.000,163752.000,3.000,0,0,20,1696791.047,MEASURED,
primary-a4-w1-measured-6-baseline,MEASURED,BASELINE,4,1,17841231,4858.561,14688489.471,NA,NA,NA,NA,NA,NA,NA,0,0,0,NA,MEASURED,
primary-a4-w1-measured-7-baseline,MEASURED,BASELINE,4,1,17841231,4622.041,15440131.653,NA,NA,NA,NA,NA,NA,NA,0,0,0,NA,MEASURED,
primary-a4-w1-measured-7-integrated,MEASURED,INTEGRATED,4,1,17841231,4782.918,14920792.149,28.631,5512.000,81876.000,28.631,10016.000,163752.000,3.000,0,0,20,1156025.774,MEASURED,"Error: target PID 245561 is unavailable for one sample.
Error: target PID 245559 is unavailable for one sample.
Error: target PID 245560 is unavailable for one sample.
Error: target PID 245558 is unavailable for one sample."
primary-a4-w1-measured-8-integrated,MEASURED,INTEGRATED,4,1,17841231,5147.129,13864996.006,29.951,5520.000,81876.000,29.951,9720.000,163752.000,3.000,0,0,20,1307105.352,MEASURED,"Error: target PID 245616 is unavailable for one sample.
Error: target PID 245617 is unavailable for one sample.
Error: target PID 245619 is unavailable for one sample."
primary-a4-w1-measured-8-baseline,MEASURED,BASELINE,4,1,17841231,4612.415,15472355.928,NA,NA,NA,NA,NA,NA,NA,0,0,0,NA,MEASURED,
primary-a4-w2-warmup-1-baseline,WARMUP,BASELINE,4,2,17841231,4642.572,15371849.385,NA,NA,NA,NA,NA,NA,NA,0,0,0,NA,MEASURED,
primary-a4-w2-warmup-1-integrated,WARMUP,INTEGRATED,4,2,17841231,4925.671,14488365.915,28.982,5656.000,155608.000,28.982,10220.000,311216.000,3.000,0,0,20,1152431.205,MEASURED,"Error: target PID 245690 is unavailable for one sample.
Error: target PID 245691 is unavailable for one sample.
Error: target PID 245692 is unavailable for one sample.
Error: target PID 245693 is unavailable for one sample."
primary-a4-w2-warmup-2-integrated,WARMUP,INTEGRATED,4,2,17841231,4916.373,14515765.513,29.709,5852.000,155608.000,29.709,10532.000,311216.000,3.000,0,0,20,1235057.738,MEASURED,"Error: target PID 245752 is unavailable for one sample.
Error: target PID 245754 is unavailable for one sample."
primary-a4-w2-warmup-2-baseline,WARMUP,BASELINE,4,2,17841231,4035.035,17686318.758,NA,NA,NA,NA,NA,NA,NA,0,0,0,NA,MEASURED,
primary-a4-w2-warmup-3-baseline,WARMUP,BASELINE,4,2,17841231,4320.209,16518858.285,NA,NA,NA,NA,NA,NA,NA,0,0,0,NA,MEASURED,
primary-a4-w2-warmup-3-integrated,WARMUP,INTEGRATED,4,2,17841231,4734.924,15072031.861,28.695,5620.000,155608.000,28.695,8208.000,159592.000,3.000,0,0,20,1162272.901,MEASURED,"Error: target PID 245828 is unavailable for one sample.
Error: target PID 245831 is unavailable for one sample."
primary-a4-w2-measured-4-integrated,MEASURED,INTEGRATED,4,2,17841231,4606.049,15493740.005,28.946,5692.000,155608.000,28.946,10372.000,311216.000,3.000,0,0,20,1142176.185,MEASURED,"Error: target PID 245891 is unavailable for one sample.
Error: target PID 245889 is unavailable for one sample."
primary-a4-w2-measured-4-baseline,MEASURED,BASELINE,4,2,17841231,4731.687,15082340.945,NA,NA,NA,NA,NA,NA,NA,0,0,0,NA,MEASURED,
primary-a4-w2-measured-5-baseline,MEASURED,BASELINE,4,2,17841231,4095.749,17424143.335,NA,NA,NA,NA,NA,NA,NA,0,0,0,NA,MEASURED,
primary-a4-w2-measured-5-integrated,MEASURED,INTEGRATED,4,2,17841231,4840.784,14742429.684,28.927,5404.000,155608.000,28.927,9956.000,311216.000,3.000,0,0,20,1131074.022,MEASURED,"Error: target PID 245967 is unavailable for one sample.
Error: target PID 245966 is unavailable for one sample."
primary-a4-w2-measured-6-integrated,MEASURED,INTEGRATED,4,2,17841231,4817.673,14813152.027,28.117,5660.000,155608.000,28.117,8088.000,309488.000,3.000,0,0,20,1160293.942,MEASURED,"Error: target PID 246024 is unavailable for one sample.
Error: target PID 246026 is unavailable for one sample."
primary-a4-w2-measured-6-baseline,MEASURED,BASELINE,4,2,17841231,4275.611,16691164.234,NA,NA,NA,NA,NA,NA,NA,0,0,0,NA,MEASURED,
primary-a4-w2-measured-7-baseline,MEASURED,BASELINE,4,2,17841231,5441.034,13116059.822,NA,NA,NA,NA,NA,NA,NA,0,0,0,NA,MEASURED,
primary-a4-w2-measured-7-integrated,MEASURED,INTEGRATED,4,2,17841231,4792.492,14890983.913,28.406,5436.000,155608.000,28.406,9316.000,311216.000,3.000,0,0,20,1081415.445,MEASURED,"Error: target PID 246098 is unavailable for one sample.
Error: target PID 246101 is unavailable for one sample."
primary-a4-w2-measured-8-integrated,MEASURED,INTEGRATED,4,2,17841231,4794.155,14885818.198,29.339,5632.000,155608.000,29.339,10308.000,311216.000,3.000,0,0,20,1148150.474,MEASURED,"Error: target PID 246160 is unavailable for one sample.
Error: target PID 246157 is unavailable for one sample.
Error: target PID 246159 is unavailable for one sample."
primary-a4-w2-measured-8-baseline,MEASURED,BASELINE,4,2,17841231,4367.384,16340428.117,NA,NA,NA,NA,NA,NA,NA,0,0,0,NA,MEASURED,
primary-a4-w4-warmup-1-baseline,WARMUP,BASELINE,4,4,17841231,4760.300,14991685.725,NA,NA,NA,NA,NA,NA,NA,0,0,0,NA,MEASURED,
primary-a4-w4-warmup-1-integrated,WARMUP,INTEGRATED,4,4,17841231,4749.853,15024660.515,28.393,5804.000,303072.000,28.393,10472.000,606144.000,3.000,0,0,20,1051902.932,MEASURED,
primary-a4-w4-warmup-2-integrated,WARMUP,INTEGRATED,4,4,17841231,5206.527,13706818.286,30.927,5640.000,303072.000,30.927,10444.000,606144.000,3.000,0,0,20,1344705.741,MEASURED,"Error: target PID 246298 is unavailable for one sample.
Error: target PID 246297 is unavailable for one sample."
primary-a4-w4-warmup-2-baseline,WARMUP,BASELINE,4,4,17841231,4374.168,16315083.871,NA,NA,NA,NA,NA,NA,NA,0,0,0,NA,MEASURED,
primary-a4-w4-warmup-3-baseline,WARMUP,BASELINE,4,4,17841231,4588.357,15553481.923,NA,NA,NA,NA,NA,NA,NA,0,0,0,NA,MEASURED,
primary-a4-w4-warmup-3-integrated,WARMUP,INTEGRATED,4,4,17841231,4590.798,15545211.893,28.752,5552.000,303064.000,28.752,8668.000,604408.000,3.000,0,0,20,1126061.761,MEASURED,"Error: target PID 246375 is unavailable for one sample.
Error: target PID 246376 is unavailable for one sample.
Error: target PID 246377 is unavailable for one sample."
primary-a4-w4-measured-4-integrated,MEASURED,INTEGRATED,4,4,17841231,4800.955,14864736.505,29.595,5868.000,303064.000,29.595,8856.000,604408.000,3.000,0,0,20,1184623.285,MEASURED,"Error: target PID 246437 is unavailable for one sample.
Error: target PID 246438 is unavailable for one sample.
Error: target PID 246435 is unavailable for one sample.
Error: target PID 246436 is unavailable for one sample."
primary-a4-w4-measured-4-baseline,MEASURED,BASELINE,4,4,17841231,4439.773,16074001.565,NA,NA,NA,NA,NA,NA,NA,0,0,0,NA,MEASURED,
primary-a4-w4-measured-5-baseline,MEASURED,BASELINE,4,4,17841231,4712.886,15142508.765,NA,NA,NA,NA,NA,NA,NA,0,0,0,NA,MEASURED,
primary-a4-w4-measured-5-integrated,MEASURED,INTEGRATED,4,4,17841231,4747.134,15033266.593,29.009,5816.000,303072.000,29.009,10612.000,606144.000,3.000,0,0,20,1109757.175,MEASURED,"Error: target PID 246524 is unavailable for one sample.
Error: target PID 246525 is unavailable for one sample.
Error: target PID 246526 is unavailable for one sample."
primary-a4-w4-measured-6-integrated,MEASURED,INTEGRATED,4,4,17841231,4777.057,14939098.587,28.956,5728.000,303072.000,28.956,8736.000,604416.000,3.000,0,0,20,1180065.362,MEASURED,"Error: target PID 246585 is unavailable for one sample.
Error: target PID 246586 is unavailable for one sample.
Error: target PID 246584 is unavailable for one sample.
Error: target PID 246587 is unavailable for one sample."
primary-a4-w4-measured-6-baseline,MEASURED,BASELINE,4,4,17841231,4911.452,14530311.836,NA,NA,NA,NA,NA,NA,NA,0,0,0,NA,MEASURED,
primary-a4-w4-measured-7-baseline,MEASURED,BASELINE,4,4,17841231,4413.576,16169412.007,NA,NA,NA,NA,NA,NA,NA,0,0,0,NA,MEASURED,
primary-a4-w4-measured-7-integrated,MEASURED,INTEGRATED,4,4,17841231,4714.998,15135726.438,28.937,5700.000,303100.000,28.937,10372.000,606200.000,3.000,0,0,20,1205333.573,MEASURED,"Error: target PID 246663 is unavailable for one sample.
Error: target PID 246665 is unavailable for one sample.
Error: target PID 246664 is unavailable for one sample."
primary-a4-w4-measured-8-integrated,MEASURED,INTEGRATED,4,4,17841231,5097.606,13999693.323,29.401,5784.000,303072.000,29.401,10580.000,606144.000,3.000,0,0,20,1267209.662,MEASURED,Error: target PID 246731 is unavailable for one sample.
primary-a4-w4-measured-8-baseline,MEASURED,BASELINE,4,4,17841231,4296.567,16609755.592,NA,NA,NA,NA,NA,NA,NA,0,0,0,NA,MEASURED,
primary-a8-w1-warmup-1-baseline,WARMUP,BASELINE,8,1,17841231,6884.755,20731288.879,NA,NA,NA,NA,NA,NA,NA,0,0,0,NA,MEASURED,
primary-a8-w1-warmup-1-integrated,WARMUP,INTEGRATED,8,1,17841231,8583.409,16628574.056,24.906,5760.000,81908.000,24.906,10356.000,163816.000,7.000,0,0,20,2618909.665,MEASURED,
primary-a8-w1-warmup-2-integrated,WARMUP,INTEGRATED,8,1,17841231,8046.830,17737399.849,27.327,5824.000,81908.000,27.327,10540.000,163816.000,7.000,0,0,20,2165457.836,MEASURED,
primary-a8-w1-warmup-2-baseline,WARMUP,BASELINE,8,1,17841231,7639.973,18681983.728,NA,NA,NA,NA,NA,NA,NA,0,0,0,NA,MEASURED,
primary-a8-w1-warmup-3-baseline,WARMUP,BASELINE,8,1,17841231,7048.748,20248964.468,NA,NA,NA,NA,NA,NA,NA,0,0,0,NA,MEASURED,
primary-a8-w1-warmup-3-integrated,WARMUP,INTEGRATED,8,1,17841231,8638.205,16523091.053,24.773,5652.000,81908.000,24.773,10368.000,163816.000,7.000,0,0,20,2453773.286,MEASURED,
primary-a8-w1-measured-4-integrated,MEASURED,INTEGRATED,8,1,17841231,7794.111,18312523.583,27.565,5884.000,81908.000,27.565,10608.000,163816.000,7.000,0,0,20,2294633.577,MEASURED,Error: target PID 247273 is unavailable for one sample.
primary-a8-w1-measured-4-baseline,MEASURED,BASELINE,8,1,17841231,6904.167,20673001.571,NA,NA,NA,NA,NA,NA,NA,0,0,0,NA,MEASURED,
primary-a8-w1-measured-5-baseline,MEASURED,BASELINE,8,1,17841231,7271.133,19629656.939,NA,NA,NA,NA,NA,NA,NA,0,0,0,NA,MEASURED,
primary-a8-w1-measured-5-integrated,MEASURED,INTEGRATED,8,1,17841231,7648.803,18660415.199,28.134,5816.000,81900.000,28.134,10524.000,163800.000,7.000,0,0,20,2170424.542,MEASURED,
primary-a8-w1-measured-6-integrated,MEASURED,INTEGRATED,8,1,17841231,7863.997,18149783.910,26.701,5820.000,81908.000,26.701,10536.000,163816.000,7.000,0,0,20,2473328.847,MEASURED,
primary-a8-w1-measured-6-baseline,MEASURED,BASELINE,8,1,17841231,7259.941,19659919.258,NA,NA,NA,NA,NA,NA,NA,0,0,0,NA,MEASURED,
primary-a8-w1-measured-7-baseline,MEASURED,BASELINE,8,1,17841231,7111.449,20070432.525,NA,NA,NA,NA,NA,NA,NA,0,0,0,NA,MEASURED,
primary-a8-w1-measured-7-integrated,MEASURED,INTEGRATED,8,1,17841231,7638.759,18684952.232,25.916,5888.000,81908.000,25.916,10608.000,163816.000,7.000,0,0,20,2386473.374,MEASURED,
primary-a8-w1-measured-8-integrated,MEASURED,INTEGRATED,8,1,17841231,7602.647,18773704.632,26.472,5652.000,81908.000,26.472,10368.000,163816.000,7.000,0,0,20,2482969.419,MEASURED,
primary-a8-w1-measured-8-baseline,MEASURED,BASELINE,8,1,17841231,7006.086,20372266.111,NA,NA,NA,NA,NA,NA,NA,0,0,0,NA,MEASURED,
primary-a8-w2-warmup-1-baseline,WARMUP,BASELINE,8,2,17841231,6701.774,21297321.974,NA,NA,NA,NA,NA,NA,NA,0,0,0,NA,MEASURED,
primary-a8-w2-warmup-1-integrated,WARMUP,INTEGRATED,8,2,17841231,7359.136,19394918.707,27.479,5824.000,155636.000,27.479,10460.000,311272.000,7.000,0,0,20,2428778.923,MEASURED,
primary-a8-w2-warmup-2-integrated,WARMUP,INTEGRATED,8,2,17841231,7394.802,19301376.298,28.130,5916.000,155644.000,28.130,10692.000,311288.000,7.000,0,0,20,2216940.152,MEASURED,
primary-a8-w2-warmup-2-baseline,WARMUP,BASELINE,8,2,17841231,7312.092,19519699.665,NA,NA,NA,NA,NA,NA,NA,0,0,0,NA,MEASURED,
primary-a8-w2-warmup-3-baseline,WARMUP,BASELINE,8,2,17841231,6833.029,20888226.153,NA,NA,NA,NA,NA,NA,NA,0,0,0,NA,MEASURED,
primary-a8-w2-warmup-3-integrated,WARMUP,INTEGRATED,8,2,17841231,7600.663,18778603.766,27.111,5768.000,155644.000,27.111,10540.000,311288.000,7.000,0,0,20,2301838.912,MEASURED,
primary-a8-w2-measured-4-integrated,MEASURED,INTEGRATED,8,2,17841231,7615.122,18742950.408,27.052,5840.000,155644.000,27.052,10612.000,311288.000,7.000,0,0,20,2283148.545,MEASURED,Error: target PID 248544 is unavailable for one sample.
primary-a8-w2-measured-4-baseline,MEASURED,BASELINE,8,2,17841231,6953.179,20527279.906,NA,NA,NA,NA,NA,NA,NA,0,0,0,NA,MEASURED,
primary-a8-w2-measured-5-baseline,MEASURED,BASELINE,8,2,17841231,6863.348,20795950.228,NA,NA,NA,NA,NA,NA,NA,0,0,0,NA,MEASURED,
primary-a8-w2-measured-5-integrated,MEASURED,INTEGRATED,8,2,17841231,7377.038,19347853.978,27.131,5816.000,155644.000,27.131,10588.000,311288.000,7.000,0,0,20,2025861.460,MEASURED,
primary-a8-w2-measured-6-integrated,MEASURED,INTEGRATED,8,2,17841231,7357.479,19399288.139,26.488,5816.000,155644.000,26.488,10588.000,311288.000,7.000,0,0,20,2081085.657,MEASURED,Error: target PID 248850 is unavailable for one sample.
primary-a8-w2-measured-6-baseline,MEASURED,BASELINE,8,2,17841231,8147.974,17517220.389,NA,NA,NA,NA,NA,NA,NA,0,0,0,NA,MEASURED,
primary-a8-w2-measured-7-baseline,MEASURED,BASELINE,8,2,17841231,8416.225,16958890.770,NA,NA,NA,NA,NA,NA,NA,0,0,0,NA,MEASURED,
primary-a8-w2-measured-7-integrated,MEASURED,INTEGRATED,8,2,17841231,8658.538,16484289.525,23.071,5824.000,155644.000,23.071,10600.000,311288.000,7.000,0,0,20,2370158.595,MEASURED,
primary-a8-w2-measured-8-integrated,MEASURED,INTEGRATED,8,2,17841231,7462.461,19126377.828,27.726,5840.000,155644.000,27.726,10620.000,311288.000,7.000,0,0,20,2149611.609,MEASURED,
primary-a8-w2-measured-8-baseline,MEASURED,BASELINE,8,2,17841231,6698.523,21307658.838,NA,NA,NA,NA,NA,NA,NA,0,0,0,NA,MEASURED,
primary-a8-w4-warmup-1-baseline,WARMUP,BASELINE,8,4,17841231,7414.923,19248998.877,NA,NA,NA,NA,NA,NA,NA,0,0,0,NA,MEASURED,
primary-a8-w4-warmup-1-integrated,WARMUP,INTEGRATED,8,4,17841231,8510.835,16770370.045,26.053,5832.000,303108.000,26.053,10728.000,606216.000,7.000,0,0,20,2417501.680,MEASURED,
primary-a8-w4-warmup-2-integrated,WARMUP,INTEGRATED,8,4,17841231,8823.685,16175763.736,23.102,6120.000,303108.000,23.102,10896.000,606216.000,7.000,0,0,20,2877419.078,MEASURED,
primary-a8-w4-warmup-2-baseline,WARMUP,BASELINE,8,4,17841231,8460.952,16869241.756,NA,NA,NA,NA,NA,NA,NA,0,0,0,NA,MEASURED,
primary-a8-w4-warmup-3-baseline,WARMUP,BASELINE,8,4,17841231,8246.026,17308924.359,NA,NA,NA,NA,NA,NA,NA,0,0,0,NA,MEASURED,
primary-a8-w4-warmup-3-integrated,WARMUP,INTEGRATED,8,4,17841231,8722.981,16362508.818,27.172,5960.000,303108.000,27.172,10728.000,606216.000,7.000,0,0,20,2318411.518,MEASURED,
primary-a8-w4-measured-4-integrated,MEASURED,INTEGRATED,8,4,17841231,7914.396,18034205.083,27.445,6028.000,303108.000,27.445,10920.000,606216.000,7.000,0,0,20,2383908.388,MEASURED,
primary-a8-w4-measured-4-baseline,MEASURED,BASELINE,8,4,17841231,7041.484,20269852.189,NA,NA,NA,NA,NA,NA,NA,0,0,0,NA,MEASURED,
primary-a8-w4-measured-5-baseline,MEASURED,BASELINE,8,4,17841231,6988.112,20424665.784,NA,NA,NA,NA,NA,NA,NA,0,0,0,NA,MEASURED,
primary-a8-w4-measured-5-integrated,MEASURED,INTEGRATED,8,4,17841231,7402.212,19282054.485,27.423,5880.000,303108.000,27.423,10772.000,606216.000,7.000,0,0,20,2346417.704,MEASURED,
primary-a8-w4-measured-6-integrated,MEASURED,INTEGRATED,8,4,17841231,8078.945,17666890.971,25.855,5696.000,303108.000,25.855,10592.000,606216.000,7.000,0,0,20,2223239.793,MEASURED,
primary-a8-w4-measured-6-baseline,MEASURED,BASELINE,8,4,17841231,7531.414,18951268.318,NA,NA,NA,NA,NA,NA,NA,0,0,0,NA,MEASURED,
primary-a8-w4-measured-7-baseline,MEASURED,BASELINE,8,4,17841231,7155.346,19947302.433,NA,NA,NA,NA,NA,NA,NA,0,0,0,NA,MEASURED,
primary-a8-w4-measured-7-integrated,MEASURED,INTEGRATED,8,4,17841231,7436.620,19192839.650,27.737,5668.000,303108.000,27.737,10556.000,606216.000,7.000,0,0,20,2156023.481,MEASURED,Error: target PID 250312 is unavailable for one sample.
primary-a8-w4-measured-8-integrated,MEASURED,INTEGRATED,8,4,17841231,7517.880,18985385.949,27.568,5868.000,303108.000,27.568,10756.000,606216.000,7.000,0,0,20,2323298.334,MEASURED,Error: target PID 250439 is unavailable for one sample.
primary-a8-w4-measured-8-baseline,MEASURED,BASELINE,8,4,17841231,7042.309,20267479.080,NA,NA,NA,NA,NA,NA,NA,0,0,0,NA,MEASURED,
heterogeneous-a4-w2-warmup-1-baseline,WARMUP,BASELINE,4,2,17841231,4190.084,17031860.335,NA,NA,NA,NA,NA,NA,NA,0,0,0,NA,MEASURED,
heterogeneous-a4-w2-warmup-1-integrated,WARMUP,INTEGRATED,4,2,17841231,4681.784,15243105.716,27.602,5764.000,155608.000,27.602,10444.000,311216.000,3.000,0,0,20,1161859.345,MEASURED,"Error: target PID 250610 is unavailable for one sample.
Error: target PID 250609 is unavailable for one sample.
Error: target PID 250607 is unavailable for one sample."
heterogeneous-a4-w2-warmup-2-integrated,WARMUP,INTEGRATED,4,2,17841231,4528.177,15760190.391,27.500,5636.000,155608.000,27.500,10312.000,311216.000,3.000,0,0,20,1161881.129,MEASURED,"Error: target PID 250657 is unavailable for one sample.
Error: target PID 250658 is unavailable for one sample."
heterogeneous-a4-w2-warmup-2-baseline,WARMUP,BASELINE,4,2,17841231,4175.443,17091581.617,NA,NA,NA,NA,NA,NA,NA,0,0,0,NA,MEASURED,
heterogeneous-a4-w2-warmup-3-baseline,WARMUP,BASELINE,4,2,17841231,4501.882,15852243.490,NA,NA,NA,NA,NA,NA,NA,0,0,0,NA,MEASURED,
heterogeneous-a4-w2-warmup-3-integrated,WARMUP,INTEGRATED,4,2,17841231,4885.263,14608204.543,27.862,5732.000,155608.000,27.862,8316.000,159592.000,3.000,0,0,20,1099898.317,MEASURED,"Error: target PID 250723 is unavailable for one sample.
Error: target PID 250725 is unavailable for one sample.
Error: target PID 250722 is unavailable for one sample."
heterogeneous-a4-w2-measured-4-integrated,MEASURED,INTEGRATED,4,2,17841231,4525.682,15768875.530,26.793,5700.000,155608.000,26.793,10380.000,311216.000,3.000,0,0,20,1163402.345,MEASURED,"Error: target PID 250773 is unavailable for one sample.
Error: target PID 250775 is unavailable for one sample.
Error: target PID 250774 is unavailable for one sample."
heterogeneous-a4-w2-measured-4-baseline,MEASURED,BASELINE,4,2,17841231,3572.654,19975322.528,NA,NA,NA,NA,NA,NA,NA,0,0,0,NA,MEASURED,
heterogeneous-a4-w2-measured-5-baseline,MEASURED,BASELINE,4,2,17841231,3740.702,19077949.341,NA,NA,NA,NA,NA,NA,NA,0,0,0,NA,MEASURED,
heterogeneous-a4-w2-measured-5-integrated,MEASURED,INTEGRATED,4,2,17841231,4084.722,17471184.263,25.672,5768.000,155608.000,25.672,10456.000,311216.000,3.000,0,0,16,763582.750,MEASURED,"Error: target PID 250840 is unavailable for one sample.
Error: target PID 250841 is unavailable for one sample.
Error: target PID 250839 is unavailable for one sample."
heterogeneous-a4-w2-measured-6-integrated,MEASURED,INTEGRATED,4,2,17841231,4507.175,15833624.803,26.771,5604.000,155608.000,26.771,10156.000,311216.000,3.000,0,0,20,1098204.896,MEASURED,Error: target PID 250883 is unavailable for one sample.
heterogeneous-a4-w2-measured-6-baseline,MEASURED,BASELINE,4,2,17841231,4015.047,17774366.256,NA,NA,NA,NA,NA,NA,NA,0,0,0,NA,MEASURED,
heterogeneous-a4-w2-measured-7-baseline,MEASURED,BASELINE,4,2,17841231,4020.958,17748238.783,NA,NA,NA,NA,NA,NA,NA,0,0,0,NA,MEASURED,
heterogeneous-a4-w2-measured-7-integrated,MEASURED,INTEGRATED,4,2,17841231,4556.181,15663320.518,28.238,5604.000,155608.000,28.238,7768.000,159580.000,3.000,0,0,20,1080221.399,MEASURED,"Error: target PID 250949 is unavailable for one sample.
Error: target PID 250948 is unavailable for one sample."
heterogeneous-a4-w2-measured-8-integrated,MEASURED,INTEGRATED,4,2,17841231,4352.407,16396655.328,27.015,5456.000,155608.000,27.015,8012.000,159592.000,3.000,0,0,20,1085306.665,MEASURED,"Error: target PID 250996 is unavailable for one sample.
Error: target PID 250998 is unavailable for one sample.
Error: target PID 250999 is unavailable for one sample."
heterogeneous-a4-w2-measured-8-baseline,MEASURED,BASELINE,4,2,17841231,4623.236,15436140.007,NA,NA,NA,NA,NA,NA,NA,0,0,0,NA,MEASURED,
