scope,application_count,worker_count,mode,metric,count,mean,median,min,max,stddev,status
APPLICATION,1,1,BASELINE,benchmark_elapsed_ms,5,3645.377,3637.866,3592.859,3717.011,45.863,MEASURED
APPLICATION,1,1,BASELINE,benchmark_throughput,5,4894823.071,4904312.265,4799886.957,4965747.068,61165.129,MEASURED
APPLICATION,1,1,BASELINE,mean_queue_wait_us,0,NA,NA,NA,NA,NA,UNAVAILABLE
APPLICATION,1,1,BASELINE,mean_completion_latency_us,0,NA,NA,NA,NA,NA,UNAVAILABLE
APPLICATION,1,1,BASELINE,mean_pipeline_serial_wait_us,0,NA,NA,NA,NA,NA,UNAVAILABLE
APPLICATION,1,1,BASELINE,mean_phase3_us,0,NA,NA,NA,NA,NA,UNAVAILABLE
APPLICATION,1,1,BASELINE,mean_phase4_us,0,NA,NA,NA,NA,NA,UNAVAILABLE
APPLICATION,1,1,BASELINE,mean_phase5_us,0,NA,NA,NA,NA,NA,UNAVAILABLE
APPLICATION,1,1,BASELINE,mean_phase6_us,0,NA,NA,NA,NA,NA,UNAVAILABLE
APPLICATION,1,1,INTEGRATED,benchmark_elapsed_ms,5,3702.401,3705.945,3669.304,3737.046,25.199,MEASURED
APPLICATION,1,1,INTEGRATED,benchmark_throughput,5,4819005.894,4814218.760,4774152.857,4862292.354,32787.499,MEASURED
APPLICATION,1,1,INTEGRATED,mean_queue_wait_us,5,200.650,195.635,148.872,272.697,48.858,MEASURED
APPLICATION,1,1,INTEGRATED,mean_completion_latency_us,5,2229.412,2254.581,2120.084,2295.090,72.181,MEASURED
APPLICATION,1,1,INTEGRATED,mean_pipeline_serial_wait_us,5,212.325,219.200,181.479,231.151,19.441,MEASURED
APPLICATION,1,1,INTEGRATED,mean_phase3_us,5,2002.164,2021.701,1926.947,2070.019,59.444,MEASURED
APPLICATION,1,1,INTEGRATED,mean_phase4_us,5,5128.866,5146.963,4876.384,5350.532,203.660,MEASURED
APPLICATION,1,1,INTEGRATED,mean_phase5_us,5,6202.759,6288.658,5543.145,7143.615,636.014,MEASURED
APPLICATION,1,1,INTEGRATED,mean_phase6_us,5,5133.047,5216.026,4351.362,6074.978,639.311,MEASURED
APPLICATION,1,2,BASELINE,benchmark_elapsed_ms,5,3246.192,3107.237,2951.049,3601.333,324.509,MEASURED
APPLICATION,1,2,BASELINE,benchmark_throughput,5,5539157.750,5741831.177,4954063.394,6045725.127,539297.775,MEASURED
APPLICATION,1,2,BASELINE,mean_queue_wait_us,0,NA,NA,NA,NA,NA,UNAVAILABLE
APPLICATION,1,2,BASELINE,mean_completion_latency_us,0,NA,NA,NA,NA,NA,UNAVAILABLE
APPLICATION,1,2,BASELINE,mean_pipeline_serial_wait_us,0,NA,NA,NA,NA,NA,UNAVAILABLE
APPLICATION,1,2,BASELINE,mean_phase3_us,0,NA,NA,NA,NA,NA,UNAVAILABLE
APPLICATION,1,2,BASELINE,mean_phase4_us,0,NA,NA,NA,NA,NA,UNAVAILABLE
APPLICATION,1,2,BASELINE,mean_phase5_us,0,NA,NA,NA,NA,NA,UNAVAILABLE
APPLICATION,1,2,BASELINE,mean_phase6_us,0,NA,NA,NA,NA,NA,UNAVAILABLE
APPLICATION,1,2,INTEGRATED,benchmark_elapsed_ms,5,3352.584,3260.114,3089.323,3746.313,267.975,MEASURED
APPLICATION,1,2,INTEGRATED,benchmark_throughput,5,5347974.567,5472579.643,4762343.392,5775127.314,412447.578,MEASURED
APPLICATION,1,2,INTEGRATED,mean_queue_wait_us,5,217.304,185.702,138.352,332.582,84.495,MEASURED
APPLICATION,1,2,INTEGRATED,mean_completion_latency_us,5,1975.699,1983.930,1751.687,2199.122,178.272,MEASURED
APPLICATION,1,2,INTEGRATED,mean_pipeline_serial_wait_us,5,179.204,174.147,152.133,218.701,24.405,MEASURED
APPLICATION,1,2,INTEGRATED,mean_phase3_us,5,1736.638,1682.433,1591.410,1910.924,136.740,MEASURED
APPLICATION,1,2,INTEGRATED,mean_phase4_us,5,4737.588,4549.016,4055.329,5386.269,560.473,MEASURED
APPLICATION,1,2,INTEGRATED,mean_phase5_us,5,5617.371,5449.099,5109.361,6641.499,601.232,MEASURED
APPLICATION,1,2,INTEGRATED,mean_phase6_us,5,5044.647,4968.344,4712.519,5605.566,335.198,MEASURED
APPLICATION,1,4,BASELINE,benchmark_elapsed_ms,5,3603.222,3603.735,3444.869,3764.545,119.860,MEASURED
APPLICATION,1,4,BASELINE,benchmark_throughput,5,4955853.393,4950761.224,4739279.034,5179074.090,164920.931,MEASURED
APPLICATION,1,4,BASELINE,mean_queue_wait_us,0,NA,NA,NA,NA,NA,UNAVAILABLE
APPLICATION,1,4,BASELINE,mean_completion_latency_us,0,NA,NA,NA,NA,NA,UNAVAILABLE
APPLICATION,1,4,BASELINE,mean_pipeline_serial_wait_us,0,NA,NA,NA,NA,NA,UNAVAILABLE
APPLICATION,1,4,BASELINE,mean_phase3_us,0,NA,NA,NA,NA,NA,UNAVAILABLE
APPLICATION,1,4,BASELINE,mean_phase4_us,0,NA,NA,NA,NA,NA,UNAVAILABLE
APPLICATION,1,4,BASELINE,mean_phase5_us,0,NA,NA,NA,NA,NA,UNAVAILABLE
APPLICATION,1,4,BASELINE,mean_phase6_us,0,NA,NA,NA,NA,NA,UNAVAILABLE
APPLICATION,1,4,INTEGRATED,benchmark_elapsed_ms,5,3578.991,3586.486,3503.298,3646.968,57.302,MEASURED
APPLICATION,1,4,INTEGRATED,benchmark_throughput,5,4986013.926,4974571.736,4892072.039,5092696.282,80046.116,MEASURED
APPLICATION,1,4,INTEGRATED,mean_queue_wait_us,5,154.858,146.545,121.157,183.804,27.377,MEASURED
APPLICATION,1,4,INTEGRATED,mean_completion_latency_us,5,2224.070,2162.926,2123.004,2434.414,128.388,MEASURED
APPLICATION,1,4,INTEGRATED,mean_pipeline_serial_wait_us,5,191.848,187.518,181.402,204.385,11.542,MEASURED
APPLICATION,1,4,INTEGRATED,mean_phase3_us,5,2042.491,1974.702,1953.443,2263.222,128.892,MEASURED
APPLICATION,1,4,INTEGRATED,mean_phase4_us,5,4958.866,4927.077,4331.710,5471.179,446.847,MEASURED
APPLICATION,1,4,INTEGRATED,mean_phase5_us,5,5667.427,5210.651,5013.171,6709.401,752.759,MEASURED
APPLICATION,1,4,INTEGRATED,mean_phase6_us,5,5005.162,4858.569,4497.354,5960.279,588.850,MEASURED
APPLICATION,2,1,BASELINE,benchmark_elapsed_ms,10,3355.032,3352.250,3088.327,3695.253,187.011,MEASURED
APPLICATION,2,1,BASELINE,benchmark_throughput,10,5332352.876,5323053.421,4828148.308,5776989.435,291487.283,MEASURED
APPLICATION,2,1,BASELINE,mean_queue_wait_us,0,NA,NA,NA,NA,NA,UNAVAILABLE
APPLICATION,2,1,BASELINE,mean_completion_latency_us,0,NA,NA,NA,NA,NA,UNAVAILABLE
APPLICATION,2,1,BASELINE,mean_pipeline_serial_wait_us,0,NA,NA,NA,NA,NA,UNAVAILABLE
APPLICATION,2,1,BASELINE,mean_phase3_us,0,NA,NA,NA,NA,NA,UNAVAILABLE
APPLICATION,2,1,BASELINE,mean_phase4_us,0,NA,NA,NA,NA,NA,UNAVAILABLE
APPLICATION,2,1,BASELINE,mean_phase5_us,0,NA,NA,NA,NA,NA,UNAVAILABLE
APPLICATION,2,1,BASELINE,mean_phase6_us,0,NA,NA,NA,NA,NA,UNAVAILABLE
APPLICATION,2,1,INTEGRATED,benchmark_elapsed_ms,10,3651.999,3642.131,3377.452,3938.800,200.049,MEASURED
APPLICATION,2,1,INTEGRATED,benchmark_throughput,10,4898562.138,4899435.474,4529610.225,5282453.456,268575.154,MEASURED
APPLICATION,2,1,INTEGRATED,mean_queue_wait_us,10,1231.824,1203.237,123.985,2618.981,1074.622,MEASURED
APPLICATION,2,1,INTEGRATED,mean_completion_latency_us,10,3203.018,3018.247,1923.216,4934.578,1067.206,MEASURED
APPLICATION,2,1,INTEGRATED,mean_pipeline_serial_wait_us,10,9939.894,7491.146,204.301,31549.717,11228.412,MEASURED
APPLICATION,2,1,INTEGRATED,mean_phase3_us,10,1943.305,1945.362,1463.592,2289.673,232.981,MEASURED
APPLICATION,2,1,INTEGRATED,mean_phase4_us,10,5301.214,4501.282,3712.280,9547.090,1819.036,MEASURED
APPLICATION,2,1,INTEGRATED,mean_phase5_us,10,6641.699,6173.374,4877.135,9974.892,1699.636,MEASURED
APPLICATION,2,1,INTEGRATED,mean_phase6_us,10,5517.169,4962.007,4209.725,9732.635,1834.050,MEASURED
APPLICATION,2,2,BASELINE,benchmark_elapsed_ms,10,3660.204,3664.770,3580.709,3724.420,45.438,MEASURED
APPLICATION,2,2,BASELINE,benchmark_throughput,10,4875061.663,4868310.201,4790337.807,4982597.399,60860.153,MEASURED
APPLICATION,2,2,BASELINE,mean_queue_wait_us,0,NA,NA,NA,NA,NA,UNAVAILABLE
APPLICATION,2,2,BASELINE,mean_completion_latency_us,0,NA,NA,NA,NA,NA,UNAVAILABLE
APPLICATION,2,2,BASELINE,mean_pipeline_serial_wait_us,0,NA,NA,NA,NA,NA,UNAVAILABLE
APPLICATION,2,2,BASELINE,mean_phase3_us,0,NA,NA,NA,NA,NA,UNAVAILABLE
APPLICATION,2,2,BASELINE,mean_phase4_us,0,NA,NA,NA,NA,NA,UNAVAILABLE
APPLICATION,2,2,BASELINE,mean_phase5_us,0,NA,NA,NA,NA,NA,UNAVAILABLE
APPLICATION,2,2,BASELINE,mean_phase6_us,0,NA,NA,NA,NA,NA,UNAVAILABLE
APPLICATION,2,2,INTEGRATED,benchmark_elapsed_ms,10,3786.651,3778.471,3689.572,3884.048,52.981,MEASURED
APPLICATION,2,2,INTEGRATED,benchmark_throughput,10,4712441.348,4721860.262,4593462.826,4835583.149,65868.358,MEASURED
APPLICATION,2,2,INTEGRATED,mean_queue_wait_us,10,311.674,355.701,126.876,406.957,98.324,MEASURED
APPLICATION,2,2,INTEGRATED,mean_completion_latency_us,10,2614.986,2627.957,2362.815,2828.432,130.598,MEASURED
APPLICATION,2,2,INTEGRATED,mean_pipeline_serial_wait_us,10,8844.467,8155.428,185.567,17961.372,9133.920,MEASURED
APPLICATION,2,2,INTEGRATED,mean_phase3_us,10,2261.403,2254.384,2197.614,2375.798,54.042,MEASURED
APPLICATION,2,2,INTEGRATED,mean_phase4_us,10,4877.364,4706.858,4051.529,6330.861,748.868,MEASURED
APPLICATION,2,2,INTEGRATED,mean_phase5_us,10,6303.042,5955.783,5254.107,7870.099,871.612,MEASURED
APPLICATION,2,2,INTEGRATED,mean_phase6_us,10,5562.574,5773.023,4297.075,6973.672,840.925,MEASURED
APPLICATION,2,4,BASELINE,benchmark_elapsed_ms,10,3366.148,3367.573,3185.128,3620.976,147.489,MEASURED
APPLICATION,2,4,BASELINE,benchmark_throughput,10,5309248.485,5298984.738,4927188.150,5601418.008,229789.973,MEASURED
APPLICATION,2,4,BASELINE,mean_queue_wait_us,0,NA,NA,NA,NA,NA,UNAVAILABLE
APPLICATION,2,4,BASELINE,mean_completion_latency_us,0,NA,NA,NA,NA,NA,UNAVAILABLE
APPLICATION,2,4,BASELINE,mean_pipeline_serial_wait_us,0,NA,NA,NA,NA,NA,UNAVAILABLE
APPLICATION,2,4,BASELINE,mean_phase3_us,0,NA,NA,NA,NA,NA,UNAVAILABLE
APPLICATION,2,4,BASELINE,mean_phase4_us,0,NA,NA,NA,NA,NA,UNAVAILABLE
APPLICATION,2,4,BASELINE,mean_phase5_us,0,NA,NA,NA,NA,NA,UNAVAILABLE
APPLICATION,2,4,BASELINE,mean_phase6_us,0,NA,NA,NA,NA,NA,UNAVAILABLE
APPLICATION,2,4,INTEGRATED,benchmark_elapsed_ms,10,3495.134,3459.387,3303.088,3778.600,177.134,MEASURED
APPLICATION,2,4,INTEGRATED,benchmark_throughput,10,5116213.981,5158267.553,4721651.518,5401379.353,254971.735,MEASURED
APPLICATION,2,4,INTEGRATED,mean_queue_wait_us,10,206.878,193.597,146.659,335.475,53.825,MEASURED
APPLICATION,2,4,INTEGRATED,mean_completion_latency_us,10,2378.373,2340.570,2168.436,2698.794,179.961,MEASURED
APPLICATION,2,4,INTEGRATED,mean_pipeline_serial_wait_us,10,8728.382,7583.767,163.683,20052.714,9083.739,MEASURED
APPLICATION,2,4,INTEGRATED,mean_phase3_us,10,2124.771,2120.236,1886.712,2413.509,159.559,MEASURED
APPLICATION,2,4,INTEGRATED,mean_phase4_us,10,4610.345,4490.566,3760.447,5698.127,612.230,MEASURED
APPLICATION,2,4,INTEGRATED,mean_phase5_us,10,5849.977,5940.936,4552.215,7179.960,920.832,MEASURED
APPLICATION,2,4,INTEGRATED,mean_phase6_us,10,4920.066,4889.694,4086.638,5809.367,580.022,MEASURED
APPLICATION,4,1,BASELINE,benchmark_elapsed_ms,20,4588.678,4584.292,4131.065,5223.794,348.534,MEASURED
APPLICATION,4,1,BASELINE,benchmark_throughput,20,3908896.070,3891818.224,3415377.904,4318796.887,288986.455,MEASURED
APPLICATION,4,1,BASELINE,mean_queue_wait_us,0,NA,NA,NA,NA,NA,UNAVAILABLE
APPLICATION,4,1,BASELINE,mean_completion_latency_us,0,NA,NA,NA,NA,NA,UNAVAILABLE
APPLICATION,4,1,BASELINE,mean_pipeline_serial_wait_us,0,NA,NA,NA,NA,NA,UNAVAILABLE
APPLICATION,4,1,BASELINE,mean_phase3_us,0,NA,NA,NA,NA,NA,UNAVAILABLE
APPLICATION,4,1,BASELINE,mean_phase4_us,0,NA,NA,NA,NA,NA,UNAVAILABLE
APPLICATION,4,1,BASELINE,mean_phase5_us,0,NA,NA,NA,NA,NA,UNAVAILABLE
APPLICATION,4,1,BASELINE,mean_phase6_us,0,NA,NA,NA,NA,NA,UNAVAILABLE
APPLICATION,4,1,INTEGRATED,benchmark_elapsed_ms,20,4953.829,5009.447,4089.303,5922.491,538.375,MEASURED
APPLICATION,4,1,INTEGRATED,benchmark_throughput,20,3641601.644,3561686.026,3012453.678,4362903.054,390820.129,MEASURED
APPLICATION,4,1,INTEGRATED,mean_queue_wait_us,20,5125.486,4696.780,580.217,11639.913,3519.631,MEASURED
APPLICATION,4,1,INTEGRATED,mean_completion_latency_us,20,7998.332,8148.216,3024.818,14715.259,3567.462,MEASURED
APPLICATION,4,1,INTEGRATED,mean_pipeline_serial_wait_us,20,38036.884,37002.219,211.767,89569.734,29395.996,MEASURED
APPLICATION,4,1,INTEGRATED,mean_phase3_us,20,2826.200,2615.153,2057.357,4547.621,604.178,MEASURED
APPLICATION,4,1,INTEGRATED,mean_phase4_us,20,7406.453,6837.651,4855.646,10844.456,1694.214,MEASURED
APPLICATION,4,1,INTEGRATED,mean_phase5_us,20,8839.631,8563.851,6122.401,15973.773,2150.333,MEASURED
APPLICATION,4,1,INTEGRATED,mean_phase6_us,20,7151.488,6866.761,5461.925,9222.586,1116.747,MEASURED
APPLICATION,4,2,BASELINE,benchmark_elapsed_ms,40,3802.566,3969.970,2005.413,5409.275,864.898,MEASURED
APPLICATION,4,2,BASELINE,benchmark_throughput,40,4995563.692,4494055.408,3298266.401,8896537.794,1421626.855,MEASURED
APPLICATION,4,2,BASELINE,mean_queue_wait_us,0,NA,NA,NA,NA,NA,UNAVAILABLE
APPLICATION,4,2,BASELINE,mean_completion_latency_us,0,NA,NA,NA,NA,NA,UNAVAILABLE
APPLICATION,4,2,BASELINE,mean_pipeline_serial_wait_us,0,NA,NA,NA,NA,NA,UNAVAILABLE
APPLICATION,4,2,BASELINE,mean_phase3_us,0,NA,NA,NA,NA,NA,UNAVAILABLE
APPLICATION,4,2,BASELINE,mean_phase4_us,0,NA,NA,NA,NA,NA,UNAVAILABLE
APPLICATION,4,2,BASELINE,mean_phase5_us,0,NA,NA,NA,NA,NA,UNAVAILABLE
APPLICATION,4,2,BASELINE,mean_phase6_us,0,NA,NA,NA,NA,NA,UNAVAILABLE
APPLICATION,4,2,INTEGRATED,benchmark_elapsed_ms,40,4107.181,4455.145,2074.450,4814.309,773.331,MEASURED
APPLICATION,4,2,INTEGRATED,benchmark_throughput,40,4556503.665,4004691.180,3705875.576,8600461.323,1182146.804,MEASURED
APPLICATION,4,2,INTEGRATED,mean_queue_wait_us,40,2113.801,1854.442,229.868,5264.753,1441.937,MEASURED
APPLICATION,4,2,INTEGRATED,mean_completion_latency_us,40,5020.548,4839.746,2341.610,8616.151,1500.048,MEASURED
APPLICATION,4,2,INTEGRATED,mean_pipeline_serial_wait_us,40,31405.291,28782.596,188.346,86531.483,25037.782,MEASURED
APPLICATION,4,2,INTEGRATED,mean_phase3_us,40,2851.328,2854.485,2076.444,3767.781,440.101,MEASURED
APPLICATION,4,2,INTEGRATED,mean_phase4_us,40,6305.191,6034.667,4430.442,10482.108,1318.956,MEASURED
APPLICATION,4,2,INTEGRATED,mean_phase5_us,40,7801.642,7396.470,5639.209,12383.733,1615.604,MEASURED
APPLICATION,4,2,INTEGRATED,mean_phase6_us,40,6767.110,6399.745,4109.892,10357.830,1442.602,MEASURED
APPLICATION,4,4,BASELINE,benchmark_elapsed_ms,20,4417.973,4337.664,4066.545,4887.912,251.990,MEASURED
APPLICATION,4,4,BASELINE,benchmark_throughput,20,4050483.259,4113370.191,3650071.925,4387319.715,224570.251,MEASURED
APPLICATION,4,4,BASELINE,mean_queue_wait_us,0,NA,NA,NA,NA,NA,UNAVAILABLE
APPLICATION,4,4,BASELINE,mean_completion_latency_us,0,NA,NA,NA,NA,NA,UNAVAILABLE
APPLICATION,4,4,BASELINE,mean_pipeline_serial_wait_us,0,NA,NA,NA,NA,NA,UNAVAILABLE
APPLICATION,4,4,BASELINE,mean_phase3_us,0,NA,NA,NA,NA,NA,UNAVAILABLE
APPLICATION,4,4,BASELINE,mean_phase4_us,0,NA,NA,NA,NA,NA,UNAVAILABLE
APPLICATION,4,4,BASELINE,mean_phase5_us,0,NA,NA,NA,NA,NA,UNAVAILABLE
APPLICATION,4,4,BASELINE,mean_phase6_us,0,NA,NA,NA,NA,NA,UNAVAILABLE
APPLICATION,4,4,INTEGRATED,benchmark_elapsed_ms,20,4664.697,4619.919,4472.068,5062.595,161.721,MEASURED
APPLICATION,4,4,INTEGRATED,benchmark_throughput,20,3829000.312,3861850.977,3524127.643,3989480.971,129579.508,MEASURED
APPLICATION,4,4,INTEGRATED,mean_queue_wait_us,20,1663.257,1759.945,565.698,2737.575,548.466,MEASURED
APPLICATION,4,4,INTEGRATED,mean_completion_latency_us,20,5361.531,5451.780,4033.925,6443.766,560.451,MEASURED
APPLICATION,4,4,INTEGRATED,mean_pipeline_serial_wait_us,20,39838.602,42035.000,206.365,96667.627,30052.898,MEASURED
APPLICATION,4,4,INTEGRATED,mean_phase3_us,20,3574.010,3574.324,3158.770,4118.606,240.200,MEASURED
APPLICATION,4,4,INTEGRATED,mean_phase4_us,20,7402.861,7492.950,5121.445,9390.816,1470.245,MEASURED
APPLICATION,4,4,INTEGRATED,mean_phase5_us,20,8373.745,7941.593,6391.810,13509.165,1774.172,MEASURED
APPLICATION,4,4,INTEGRATED,mean_phase6_us,20,7311.214,6843.291,5294.860,12647.878,1830.198,MEASURED
APPLICATION,8,1,BASELINE,benchmark_elapsed_ms,40,6585.122,6694.235,5368.564,7235.651,478.432,MEASURED
APPLICATION,8,1,BASELINE,benchmark_throughput,40,2724661.776,2665167.410,2465739.673,3323278.233,217242.995,MEASURED
APPLICATION,8,1,BASELINE,mean_queue_wait_us,0,NA,NA,NA,NA,NA,UNAVAILABLE
APPLICATION,8,1,BASELINE,mean_completion_latency_us,0,NA,NA,NA,NA,NA,UNAVAILABLE
APPLICATION,8,1,BASELINE,mean_pipeline_serial_wait_us,0,NA,NA,NA,NA,NA,UNAVAILABLE
APPLICATION,8,1,BASELINE,mean_phase3_us,0,NA,NA,NA,NA,NA,UNAVAILABLE
APPLICATION,8,1,BASELINE,mean_phase4_us,0,NA,NA,NA,NA,NA,UNAVAILABLE
APPLICATION,8,1,BASELINE,mean_phase5_us,0,NA,NA,NA,NA,NA,UNAVAILABLE
APPLICATION,8,1,BASELINE,mean_phase6_us,0,NA,NA,NA,NA,NA,UNAVAILABLE
APPLICATION,8,1,INTEGRATED,benchmark_elapsed_ms,40,7202.869,7296.538,6045.497,7831.190,442.773,MEASURED
APPLICATION,8,1,INTEGRATED,benchmark_throughput,40,2486813.688,2445164.146,2278227.185,2951160.401,164822.890,MEASURED
APPLICATION,8,1,INTEGRATED,mean_queue_wait_us,40,15674.965,16236.380,2114.819,29143.222,8341.355,MEASURED
APPLICATION,8,1,INTEGRATED,mean_completion_latency_us,40,20059.275,21384.357,4958.071,33963.779,8531.696,MEASURED
APPLICATION,8,1,INTEGRATED,mean_pipeline_serial_wait_us,40,153599.224,155383.321,203.837,329915.497,101775.845,MEASURED
APPLICATION,8,1,INTEGRATED,mean_phase3_us,40,4297.295,4339.293,2554.248,5771.873,708.427,MEASURED
APPLICATION,8,1,INTEGRATED,mean_phase4_us,40,12974.322,12855.125,9668.681,17217.138,1703.278,MEASURED
APPLICATION,8,1,INTEGRATED,mean_phase5_us,40,15329.423,15362.529,10742.655,18462.027,1771.696,MEASURED
APPLICATION,8,1,INTEGRATED,mean_phase6_us,40,13533.682,13420.595,10285.829,16322.096,1432.690,MEASURED
APPLICATION,8,2,BASELINE,benchmark_elapsed_ms,40,6995.026,6798.748,5477.733,8349.603,713.113,MEASURED
APPLICATION,8,2,BASELINE,benchmark_throughput,40,2576531.951,2624202.894,2136776.003,3257046.395,262907.840,MEASURED
APPLICATION,8,2,BASELINE,mean_queue_wait_us,0,NA,NA,NA,NA,NA,UNAVAILABLE
APPLICATION,8,2,BASELINE,mean_completion_latency_us,0,NA,NA,NA,NA,NA,UNAVAILABLE
APPLICATION,8,2,BASELINE,mean_pipeline_serial_wait_us,0,NA,NA,NA,NA,NA,UNAVAILABLE
APPLICATION,8,2,BASELINE,mean_phase3_us,0,NA,NA,NA,NA,NA,UNAVAILABLE
APPLICATION,8,2,BASELINE,mean_phase4_us,0,NA,NA,NA,NA,NA,UNAVAILABLE
APPLICATION,8,2,BASELINE,mean_phase5_us,0,NA,NA,NA,NA,NA,UNAVAILABLE
APPLICATION,8,2,BASELINE,mean_phase6_us,0,NA,NA,NA,NA,NA,UNAVAILABLE
APPLICATION,8,2,INTEGRATED,benchmark_elapsed_ms,40,7243.856,7166.185,6047.639,8620.243,658.116,MEASURED
APPLICATION,8,2,INTEGRATED,benchmark_throughput,40,2482158.451,2489663.583,2069690.120,2950114.866,218354.657,MEASURED
APPLICATION,8,2,INTEGRATED,mean_queue_wait_us,40,8728.605,8621.236,1032.307,20868.851,5809.983,MEASURED
APPLICATION,8,2,INTEGRATED,mean_completion_latency_us,40,13778.528,14109.263,3588.451,25824.391,6009.765,MEASURED
APPLICATION,8,2,INTEGRATED,mean_pipeline_serial_wait_us,40,154402.950,164423.220,208.432,360184.166,99517.111,MEASURED
APPLICATION,8,2,INTEGRATED,mean_phase3_us,40,4951.134,4820.835,2419.003,8157.747,1200.164,MEASURED
APPLICATION,8,2,INTEGRATED,mean_phase4_us,40,12565.636,12601.620,6743.817,20154.169,2843.899,MEASURED
APPLICATION,8,2,INTEGRATED,mean_phase5_us,40,14587.811,14891.396,7629.531,21857.065,2569.151,MEASURED
APPLICATION,8,2,INTEGRATED,mean_phase6_us,40,13294.330,13332.883,7760.595,19761.247,2689.015,MEASURED
APPLICATION,8,4,BASELINE,benchmark_elapsed_ms,40,6747.580,6859.350,5684.913,7470.772,440.697,MEASURED
APPLICATION,8,4,BASELINE,benchmark_throughput,40,2655828.844,2601013.656,2388137.641,3138347.239,184984.245,MEASURED
APPLICATION,8,4,BASELINE,mean_queue_wait_us,0,NA,NA,NA,NA,NA,UNAVAILABLE
APPLICATION,8,4,BASELINE,mean_completion_latency_us,0,NA,NA,NA,NA,NA,UNAVAILABLE
APPLICATION,8,4,BASELINE,mean_pipeline_serial_wait_us,0,NA,NA,NA,NA,NA,UNAVAILABLE
APPLICATION,8,4,BASELINE,mean_phase3_us,0,NA,NA,NA,NA,NA,UNAVAILABLE
APPLICATION,8,4,BASELINE,mean_phase4_us,0,NA,NA,NA,NA,NA,UNAVAILABLE
APPLICATION,8,4,BASELINE,mean_phase5_us,0,NA,NA,NA,NA,NA,UNAVAILABLE
APPLICATION,8,4,BASELINE,mean_phase6_us,0,NA,NA,NA,NA,NA,UNAVAILABLE
APPLICATION,8,4,INTEGRATED,benchmark_elapsed_ms,40,7129.173,7106.745,5954.698,8024.896,486.480,MEASURED
APPLICATION,8,4,INTEGRATED,benchmark_throughput,40,2514289.357,2510495.006,2223235.183,2996160.520,176907.026,MEASURED
APPLICATION,8,4,INTEGRATED,mean_queue_wait_us,40,5978.685,5406.954,1296.789,12417.732,3265.182,MEASURED
APPLICATION,8,4,INTEGRATED,mean_completion_latency_us,40,12241.793,12648.474,5318.691,18160.845,3591.002,MEASURED
APPLICATION,8,4,INTEGRATED,mean_pipeline_serial_wait_us,40,157191.097,156056.558,203.788,346956.983,104464.688,MEASURED
APPLICATION,8,4,INTEGRATED,mean_phase3_us,40,6134.207,5987.215,3625.867,8549.858,1358.265,MEASURED
APPLICATION,8,4,INTEGRATED,mean_phase4_us,40,13227.107,13459.171,10381.520,17748.253,1685.578,MEASURED
APPLICATION,8,4,INTEGRATED,mean_phase5_us,40,16266.292,16615.262,12399.333,19451.013,1730.290,MEASURED
APPLICATION,8,4,INTEGRATED,mean_phase6_us,40,14313.522,14462.716,10533.464,18410.812,1812.343,MEASURED
RUN,1,1,BASELINE,aggregate_throughput,5,4861095.675,4873015.263,4770089.636,4925065.871,58262.059,MEASURED
RUN,1,1,BASELINE,group_makespan_ms,5,3670.633,3661.230,3622.537,3740.230,44.315,MEASURED
RUN,1,1,BASELINE,runtime_cpu_percent,0,NA,NA,NA,NA,NA,UNAVAILABLE
RUN,1,1,BASELINE,runtime_rss_kb,0,NA,NA,NA,NA,NA,UNAVAILABLE
RUN,1,1,BASELINE,runtime_vms_kb,0,NA,NA,NA,NA,NA,UNAVAILABLE
RUN,1,1,BASELINE,max_queue_depth,0,NA,NA,NA,NA,NA,UNAVAILABLE
RUN,1,1,BASELINE,deferred_jobs,5,0.000,0.000,0.000,0.000,0.000,MEASURED
RUN,1,1,BASELINE,saturation_events,5,0.000,0.000,0.000,0.000,0.000,MEASURED
RUN,1,1,BASELINE,discovery_total_us,0,NA,NA,NA,NA,NA,UNAVAILABLE
RUN,1,1,INTEGRATED,aggregate_throughput,5,4783601.926,4774138.295,4747739.989,4832753.758,32225.806,MEASURED
RUN,1,1,INTEGRATED,group_makespan_ms,5,3729.800,3737.058,3691.732,3757.837,25.040,MEASURED
RUN,1,1,INTEGRATED,runtime_cpu_percent,5,22.340,22.496,21.950,22.648,0.315,MEASURED
RUN,1,1,INTEGRATED,runtime_rss_kb,5,5600.000,5596.000,5528.000,5736.000,81.927,MEASURED
RUN,1,1,INTEGRATED,runtime_vms_kb,5,81871.200,81876.000,81852.000,81876.000,10.733,MEASURED
RUN,1,1,INTEGRATED,max_queue_depth,5,0.000,0.000,0.000,0.000,0.000,MEASURED
RUN,1,1,INTEGRATED,deferred_jobs,5,0.000,0.000,0.000,0.000,0.000,MEASURED
RUN,1,1,INTEGRATED,saturation_events,5,0.000,0.000,0.000,0.000,0.000,MEASURED
RUN,1,1,INTEGRATED,discovery_total_us,5,748378.218,750698.647,738688.763,756745.339,7750.795,MEASURED
RUN,1,2,BASELINE,aggregate_throughput,5,5492768.185,5693113.085,4915586.970,6000111.421,532900.113,MEASURED
RUN,1,2,BASELINE,group_makespan_ms,5,3273.420,3133.827,2973.483,3629.522,325.983,MEASURED
RUN,1,2,BASELINE,runtime_cpu_percent,0,NA,NA,NA,NA,NA,UNAVAILABLE
RUN,1,2,BASELINE,runtime_rss_kb,0,NA,NA,NA,NA,NA,UNAVAILABLE
RUN,1,2,BASELINE,runtime_vms_kb,0,NA,NA,NA,NA,NA,UNAVAILABLE
RUN,1,2,BASELINE,max_queue_depth,0,NA,NA,NA,NA,NA,UNAVAILABLE
RUN,1,2,BASELINE,deferred_jobs,5,0.000,0.000,0.000,0.000,0.000,MEASURED
RUN,1,2,BASELINE,saturation_events,5,0.000,0.000,0.000,0.000,0.000,MEASURED
RUN,1,2,BASELINE,discovery_total_us,0,NA,NA,NA,NA,NA,UNAVAILABLE
RUN,1,2,INTEGRATED,aggregate_throughput,5,5307774.618,5425394.928,4723660.879,5734093.256,410770.614,MEASURED
RUN,1,2,INTEGRATED,group_makespan_ms,5,3378.093,3288.467,3111.430,3776.992,270.967,MEASURED
RUN,1,2,INTEGRATED,runtime_cpu_percent,5,19.933,19.055,18.334,22.783,1.775,MEASURED
RUN,1,2,INTEGRATED,runtime_rss_kb,5,5535.200,5468.000,5460.000,5684.000,101.957,MEASURED
RUN,1,2,INTEGRATED,runtime_vms_kb,5,155606.400,155608.000,155600.000,155608.000,3.578,MEASURED
RUN,1,2,INTEGRATED,max_queue_depth,5,0.000,0.000,0.000,0.000,0.000,MEASURED
RUN,1,2,INTEGRATED,deferred_jobs,5,0.000,0.000,0.000,0.000,0.000,MEASURED
RUN,1,2,INTEGRATED,saturation_events,5,0.000,0.000,0.000,0.000,0.000,MEASURED
RUN,1,2,INTEGRATED,discovery_total_us,5,662487.625,640396.368,605658.406,765971.251,61721.869,MEASURED
RUN,1,4,BASELINE,aggregate_throughput,5,4921793.750,4907666.042,4713816.284,5140544.520,160750.690,MEASURED
RUN,1,4,BASELINE,group_makespan_ms,5,3628.034,3635.380,3470.689,3784.880,118.287,MEASURED
RUN,1,4,BASELINE,runtime_cpu_percent,0,NA,NA,NA,NA,NA,UNAVAILABLE
RUN,1,4,BASELINE,runtime_rss_kb,0,NA,NA,NA,NA,NA,UNAVAILABLE
RUN,1,4,BASELINE,runtime_vms_kb,0,NA,NA,NA,NA,NA,UNAVAILABLE
RUN,1,4,BASELINE,max_queue_depth,0,NA,NA,NA,NA,NA,UNAVAILABLE
RUN,1,4,BASELINE,deferred_jobs,5,0.000,0.000,0.000,0.000,0.000,MEASURED
RUN,1,4,BASELINE,saturation_events,5,0.000,0.000,0.000,0.000,0.000,MEASURED
RUN,1,4,BASELINE,discovery_total_us,0,NA,NA,NA,NA,NA,UNAVAILABLE
RUN,1,4,INTEGRATED,aggregate_throughput,5,4943057.404,4928016.686,4855582.996,5039325.361,74977.554,MEASURED
RUN,1,4,INTEGRATED,group_makespan_ms,5,3610.014,3620.367,3540.401,3674.375,54.633,MEASURED
RUN,1,4,INTEGRATED,runtime_cpu_percent,5,22.054,22.047,21.733,22.403,0.244,MEASURED
RUN,1,4,INTEGRATED,runtime_rss_kb,5,5610.400,5616.000,5408.000,5732.000,132.442,MEASURED
RUN,1,4,INTEGRATED,runtime_vms_kb,5,303071.200,303076.000,303064.000,303076.000,6.573,MEASURED
RUN,1,4,INTEGRATED,max_queue_depth,5,0.000,0.000,0.000,0.000,0.000,MEASURED
RUN,1,4,INTEGRATED,deferred_jobs,5,0.000,0.000,0.000,0.000,0.000,MEASURED
RUN,1,4,INTEGRATED,saturation_events,5,0.000,0.000,0.000,0.000,0.000,MEASURED
RUN,1,4,INTEGRATED,discovery_total_us,5,735957.622,735305.976,711944.233,776194.845,24688.633,MEASURED
RUN,2,1,BASELINE,aggregate_throughput,5,10463543.622,10449787.432,9591545.055,10947788.730,550330.712,MEASURED
RUN,2,1,BASELINE,group_makespan_ms,5,3418.027,3414.659,3259.331,3720.200,186.884,MEASURED
RUN,2,1,BASELINE,runtime_cpu_percent,0,NA,NA,NA,NA,NA,UNAVAILABLE
RUN,2,1,BASELINE,runtime_rss_kb,0,NA,NA,NA,NA,NA,UNAVAILABLE
RUN,2,1,BASELINE,runtime_vms_kb,0,NA,NA,NA,NA,NA,UNAVAILABLE
RUN,2,1,BASELINE,max_queue_depth,0,NA,NA,NA,NA,NA,UNAVAILABLE
RUN,2,1,BASELINE,deferred_jobs,5,0.000,0.000,0.000,0.000,0.000,MEASURED
RUN,2,1,BASELINE,saturation_events,5,0.000,0.000,0.000,0.000,0.000,MEASURED
RUN,2,1,BASELINE,discovery_total_us,0,NA,NA,NA,NA,NA,UNAVAILABLE
RUN,2,1,INTEGRATED,aggregate_throughput,5,9647842.062,9597123.878,9004426.275,10389035.355,569115.655,MEASURED
RUN,2,1,INTEGRATED,group_makespan_ms,5,3708.735,3718.037,3434.627,3962.769,217.222,MEASURED
RUN,2,1,INTEGRATED,runtime_cpu_percent,5,23.365,23.610,21.099,24.722,1.515,MEASURED
RUN,2,1,INTEGRATED,runtime_rss_kb,5,5498.400,5484.000,5420.000,5612.000,70.291,MEASURED
RUN,2,1,INTEGRATED,runtime_vms_kb,5,81868.000,81856.000,81848.000,81892.000,20.396,MEASURED
RUN,2,1,INTEGRATED,max_queue_depth,5,1.000,1.000,1.000,1.000,0.000,MEASURED
RUN,2,1,INTEGRATED,deferred_jobs,5,0.000,0.000,0.000,0.000,0.000,MEASURED
RUN,2,1,INTEGRATED,saturation_events,5,0.000,0.000,0.000,0.000,0.000,MEASURED
RUN,2,1,INTEGRATED,discovery_total_us,5,746175.354,729852.052,667379.703,818600.362,58540.509,MEASURED
RUN,2,2,BASELINE,aggregate_throughput,5,9590760.709,9596983.727,9508084.796,9668564.190,57111.465,MEASURED
RUN,2,2,BASELINE,group_makespan_ms,5,3720.609,3718.091,3690.565,3752.855,22.174,MEASURED
RUN,2,2,BASELINE,runtime_cpu_percent,0,NA,NA,NA,NA,NA,UNAVAILABLE
RUN,2,2,BASELINE,runtime_rss_kb,0,NA,NA,NA,NA,NA,UNAVAILABLE
RUN,2,2,BASELINE,runtime_vms_kb,0,NA,NA,NA,NA,NA,UNAVAILABLE
RUN,2,2,BASELINE,max_queue_depth,0,NA,NA,NA,NA,NA,UNAVAILABLE
RUN,2,2,BASELINE,deferred_jobs,5,0.000,0.000,0.000,0.000,0.000,MEASURED
RUN,2,2,BASELINE,saturation_events,5,0.000,0.000,0.000,0.000,0.000,MEASURED
RUN,2,2,BASELINE,discovery_total_us,0,NA,NA,NA,NA,NA,UNAVAILABLE
RUN,2,2,INTEGRATED,aggregate_throughput,5,9269620.185,9294135.088,9101990.306,9386570.397,111080.997,MEASURED
RUN,2,2,INTEGRATED,group_makespan_ms,5,3849.844,3839.245,3801.438,3920.292,46.427,MEASURED
RUN,2,2,INTEGRATED,runtime_cpu_percent,5,24.735,24.504,24.473,25.686,0.532,MEASURED
RUN,2,2,INTEGRATED,runtime_rss_kb,5,5644.000,5624.000,5488.000,5744.000,106.433,MEASURED
RUN,2,2,INTEGRATED,runtime_vms_kb,5,155588.000,155588.000,155588.000,155588.000,0.000,MEASURED
RUN,2,2,INTEGRATED,max_queue_depth,5,1.000,1.000,1.000,1.000,0.000,MEASURED
RUN,2,2,INTEGRATED,deferred_jobs,5,0.000,0.000,0.000,0.000,0.000,MEASURED
RUN,2,2,INTEGRATED,saturation_events,5,0.000,0.000,0.000,0.000,0.000,MEASURED
RUN,2,2,INTEGRATED,discovery_total_us,5,782224.345,764852.426,760046.745,853219.531,39831.789,MEASURED
RUN,2,4,BASELINE,aggregate_throughput,5,10447606.901,10373448.208,9785012.571,10948928.778,478448.878,MEASURED
RUN,2,4,BASELINE,group_makespan_ms,5,3421.176,3439.788,3258.991,3646.644,158.510,MEASURED
RUN,2,4,BASELINE,runtime_cpu_percent,0,NA,NA,NA,NA,NA,UNAVAILABLE
RUN,2,4,BASELINE,runtime_rss_kb,0,NA,NA,NA,NA,NA,UNAVAILABLE
RUN,2,4,BASELINE,runtime_vms_kb,0,NA,NA,NA,NA,NA,UNAVAILABLE
RUN,2,4,BASELINE,max_queue_depth,0,NA,NA,NA,NA,NA,UNAVAILABLE
RUN,2,4,BASELINE,deferred_jobs,5,0.000,0.000,0.000,0.000,0.000,MEASURED
RUN,2,4,BASELINE,saturation_events,5,0.000,0.000,0.000,0.000,0.000,MEASURED
RUN,2,4,BASELINE,discovery_total_us,0,NA,NA,NA,NA,NA,UNAVAILABLE
RUN,2,4,INTEGRATED,aggregate_throughput,5,10097149.753,10098524.434,9378310.480,10646469.437,533999.550,MEASURED
RUN,2,4,INTEGRATED,group_makespan_ms,5,3541.938,3533.433,3351.577,3804.786,189.771,MEASURED
RUN,2,4,INTEGRATED,runtime_cpu_percent,5,22.570,22.250,20.458,25.777,2.164,MEASURED
RUN,2,4,INTEGRATED,runtime_rss_kb,5,5708.000,5732.000,5628.000,5764.000,60.663,MEASURED
RUN,2,4,INTEGRATED,runtime_vms_kb,5,303084.000,303084.000,303084.000,303084.000,0.000,MEASURED
RUN,2,4,INTEGRATED,max_queue_depth,5,1.000,1.000,1.000,1.000,0.000,MEASURED
RUN,2,4,INTEGRATED,deferred_jobs,5,0.000,0.000,0.000,0.000,0.000,MEASURED
RUN,2,4,INTEGRATED,saturation_events,5,0.000,0.000,0.000,0.000,0.000,MEASURED
RUN,2,4,INTEGRATED,discovery_total_us,5,693747.141,683942.085,617249.469,798288.819,73287.332,MEASURED
RUN,4,1,BASELINE,aggregate_throughput,5,15169216.759,15440131.653,13570558.737,16674548.005,1142159.861,MEASURED
RUN,4,1,BASELINE,group_makespan_ms,5,4726.339,4622.041,4279.872,5258.805,362.006,MEASURED
RUN,4,1,BASELINE,runtime_cpu_percent,0,NA,NA,NA,NA,NA,UNAVAILABLE
RUN,4,1,BASELINE,runtime_rss_kb,0,NA,NA,NA,NA,NA,UNAVAILABLE
RUN,4,1,BASELINE,runtime_vms_kb,0,NA,NA,NA,NA,NA,UNAVAILABLE
RUN,4,1,BASELINE,max_queue_depth,0,NA,NA,NA,NA,NA,UNAVAILABLE
RUN,4,1,BASELINE,deferred_jobs,5,0.000,0.000,0.000,0.000,0.000,MEASURED
RUN,4,1,BASELINE,saturation_events,5,0.000,0.000,0.000,0.000,0.000,MEASURED
RUN,4,1,BASELINE,discovery_total_us,0,NA,NA,NA,NA,NA,UNAVAILABLE
RUN,4,1,INTEGRATED,aggregate_throughput,5,14098916.622,13864996.006,11977529.678,16284955.617,1615173.608,MEASURED
RUN,4,1,INTEGRATED,group_makespan_ms,5,5115.588,5147.129,4382.261,5958.234,590.821,MEASURED
RUN,4,1,INTEGRATED,runtime_cpu_percent,5,29.016,28.631,27.812,30.126,0.989,MEASURED
RUN,4,1,INTEGRATED,runtime_rss_kb,5,5560.000,5520.000,5444.000,5688.000,99.398,MEASURED
RUN,4,1,INTEGRATED,runtime_vms_kb,5,81876.000,81876.000,81876.000,81876.000,0.000,MEASURED
RUN,4,1,INTEGRATED,max_queue_depth,5,3.000,3.000,3.000,3.000,0.000,MEASURED
RUN,4,1,INTEGRATED,deferred_jobs,5,0.000,0.000,0.000,0.000,0.000,MEASURED
RUN,4,1,INTEGRATED,saturation_events,5,0.000,0.000,0.000,0.000,0.000,MEASURED
RUN,4,1,INTEGRATED,discovery_total_us,5,1326220.945,1300050.784,1156025.774,1696791.047,218741.590,MEASURED
RUN,4,2,BASELINE,aggregate_throughput,10,16866615.337,17057653.784,13116059.822,19975322.528,2001954.187,MEASURED
RUN,4,2,BASELINE,group_makespan_ms,10,4288.406,4185.680,3572.654,5441.034,541.522,MEASURED
RUN,4,2,BASELINE,runtime_cpu_percent,0,NA,NA,NA,NA,NA,UNAVAILABLE
RUN,4,2,BASELINE,runtime_rss_kb,0,NA,NA,NA,NA,NA,UNAVAILABLE
RUN,4,2,BASELINE,runtime_vms_kb,0,NA,NA,NA,NA,NA,UNAVAILABLE
RUN,4,2,BASELINE,max_queue_depth,0,NA,NA,NA,NA,NA,UNAVAILABLE
RUN,4,2,BASELINE,deferred_jobs,10,0.000,0.000,0.000,0.000,0.000,MEASURED
RUN,4,2,BASELINE,saturation_events,10,0.000,0.000,0.000,0.000,0.000,MEASURED
RUN,4,2,BASELINE,discovery_total_us,0,NA,NA,NA,NA,NA,UNAVAILABLE
RUN,4,2,INTEGRATED,aggregate_throughput,10,15595978.427,15578530.262,14742429.684,17471184.263,856449.047,MEASURED
RUN,4,2,INTEGRATED,group_makespan_ms,10,4587.732,4581.115,4084.722,4840.784,240.719,MEASURED
RUN,4,2,INTEGRATED,runtime_cpu_percent,10,27.822,28.178,25.672,29.339,1.194,MEASURED
RUN,4,2,INTEGRATED,runtime_rss_kb,10,5595.600,5618.000,5404.000,5768.000,123.468,MEASURED
RUN,4,2,INTEGRATED,runtime_vms_kb,10,155608.000,155608.000,155608.000,155608.000,0.000,MEASURED
RUN,4,2,INTEGRATED,max_queue_depth,10,3.000,3.000,3.000,3.000,0.000,MEASURED
RUN,4,2,INTEGRATED,deferred_jobs,10,0.000,0.000,0.000,0.000,0.000,MEASURED
RUN,4,2,INTEGRATED,saturation_events,10,0.000,0.000,0.000,0.000,0.000,MEASURED
RUN,4,2,INTEGRATED,discovery_total_us,10,1085382.812,1114639.459,763582.750,1163402.345,117716.113,MEASURED
RUN,4,4,BASELINE,aggregate_throughput,5,15705197.953,16074001.565,14530311.836,16609755.592,846568.341,MEASURED
RUN,4,4,BASELINE,group_makespan_ms,5,4554.851,4439.773,4296.567,4911.452,251.024,MEASURED
RUN,4,4,BASELINE,runtime_cpu_percent,0,NA,NA,NA,NA,NA,UNAVAILABLE
RUN,4,4,BASELINE,runtime_rss_kb,0,NA,NA,NA,NA,NA,UNAVAILABLE
RUN,4,4,BASELINE,runtime_vms_kb,0,NA,NA,NA,NA,NA,UNAVAILABLE
RUN,4,4,BASELINE,max_queue_depth,0,NA,NA,NA,NA,NA,UNAVAILABLE
RUN,4,4,BASELINE,deferred_jobs,5,0.000,0.000,0.000,0.000,0.000,MEASURED
RUN,4,4,BASELINE,saturation_events,5,0.000,0.000,0.000,0.000,0.000,MEASURED
RUN,4,4,BASELINE,discovery_total_us,0,NA,NA,NA,NA,NA,UNAVAILABLE
RUN,4,4,INTEGRATED,aggregate_throughput,5,14794504.289,14939098.587,13999693.323,15135726.438,455797.252,MEASURED
RUN,4,4,INTEGRATED,group_makespan_ms,5,4827.550,4777.057,4714.998,5097.606,154.371,MEASURED
RUN,4,4,INTEGRATED,runtime_cpu_percent,5,29.180,29.009,28.937,29.595,0.300,MEASURED
RUN,4,4,INTEGRATED,runtime_rss_kb,5,5779.200,5784.000,5700.000,5868.000,67.374,MEASURED
RUN,4,4,INTEGRATED,runtime_vms_kb,5,303076.000,303072.000,303064.000,303100.000,13.856,MEASURED
RUN,4,4,INTEGRATED,max_queue_depth,5,3.000,3.000,3.000,3.000,0.000,MEASURED
RUN,4,4,INTEGRATED,deferred_jobs,5,0.000,0.000,0.000,0.000,0.000,MEASURED
RUN,4,4,INTEGRATED,saturation_events,5,0.000,0.000,0.000,0.000,0.000,MEASURED
RUN,4,4,INTEGRATED,discovery_total_us,5,1189397.811,1184623.285,1109757.175,1267209.662,56482.640,MEASURED
RUN,8,1,BASELINE,aggregate_throughput,5,20081055.281,20070432.525,19629656.939,20673001.571,451783.414,MEASURED
RUN,8,1,BASELINE,group_makespan_ms,5,7110.555,7111.449,6904.167,7271.133,159.383,MEASURED
RUN,8,1,BASELINE,runtime_cpu_percent,0,NA,NA,NA,NA,NA,UNAVAILABLE
RUN,8,1,BASELINE,runtime_rss_kb,0,NA,NA,NA,NA,NA,UNAVAILABLE
RUN,8,1,BASELINE,runtime_vms_kb,0,NA,NA,NA,NA,NA,UNAVAILABLE
RUN,8,1,BASELINE,max_queue_depth,0,NA,NA,NA,NA,NA,UNAVAILABLE
RUN,8,1,BASELINE,deferred_jobs,5,0.000,0.000,0.000,0.000,0.000,MEASURED
RUN,8,1,BASELINE,saturation_events,5,0.000,0.000,0.000,0.000,0.000,MEASURED
RUN,8,1,BASELINE,discovery_total_us,0,NA,NA,NA,NA,NA,UNAVAILABLE
RUN,8,1,INTEGRATED,aggregate_throughput,5,18516275.911,18660415.199,18149783.910,18773704.632,269874.406,MEASURED
RUN,8,1,INTEGRATED,group_makespan_ms,5,7709.663,7648.803,7602.647,7863.997,113.064,MEASURED
RUN,8,1,INTEGRATED,runtime_cpu_percent,5,26.958,26.701,25.916,28.134,0.886,MEASURED
RUN,8,1,INTEGRATED,runtime_rss_kb,5,5812.000,5820.000,5652.000,5888.000,95.708,MEASURED
RUN,8,1,INTEGRATED,runtime_vms_kb,5,81906.400,81908.000,81900.000,81908.000,3.578,MEASURED
RUN,8,1,INTEGRATED,max_queue_depth,5,7.000,7.000,7.000,7.000,0.000,MEASURED
RUN,8,1,INTEGRATED,deferred_jobs,5,0.000,0.000,0.000,0.000,0.000,MEASURED
RUN,8,1,INTEGRATED,saturation_events,5,0.000,0.000,0.000,0.000,0.000,MEASURED
RUN,8,1,INTEGRATED,discovery_total_us,5,2361565.952,2386473.374,2170424.542,2482969.419,131210.811,MEASURED
RUN,8,2,BASELINE,aggregate_throughput,5,19421400.026,20527279.906,16958890.770,21307658.838,2022386.140,MEASURED
RUN,8,2,BASELINE,group_makespan_ms,5,7415.850,6953.179,6698.523,8416.225,801.660,MEASURED
RUN,8,2,BASELINE,runtime_cpu_percent,0,NA,NA,NA,NA,NA,UNAVAILABLE
RUN,8,2,BASELINE,runtime_rss_kb,0,NA,NA,NA,NA,NA,UNAVAILABLE
RUN,8,2,BASELINE,runtime_vms_kb,0,NA,NA,NA,NA,NA,UNAVAILABLE
RUN,8,2,BASELINE,max_queue_depth,0,NA,NA,NA,NA,NA,UNAVAILABLE
RUN,8,2,BASELINE,deferred_jobs,5,0.000,0.000,0.000,0.000,0.000,MEASURED
RUN,8,2,BASELINE,saturation_events,5,0.000,0.000,0.000,0.000,0.000,MEASURED
RUN,8,2,BASELINE,discovery_total_us,0,NA,NA,NA,NA,NA,UNAVAILABLE
RUN,8,2,INTEGRATED,aggregate_throughput,5,18620151.976,19126377.828,16484289.525,19399288.139,1221664.422,MEASURED
RUN,8,2,INTEGRATED,group_makespan_ms,5,7694.128,7462.461,7357.479,8658.538,548.607,MEASURED
RUN,8,2,INTEGRATED,runtime_cpu_percent,5,26.294,27.052,23.071,27.726,1.854,MEASURED
RUN,8,2,INTEGRATED,runtime_rss_kb,5,5827.200,5824.000,5816.000,5840.000,12.133,MEASURED
RUN,8,2,INTEGRATED,runtime_vms_kb,5,155644.000,155644.000,155644.000,155644.000,0.000,MEASURED
RUN,8,2,INTEGRATED,max_queue_depth,5,7.000,7.000,7.000,7.000,0.000,MEASURED
RUN,8,2,INTEGRATED,deferred_jobs,5,0.000,0.000,0.000,0.000,0.000,MEASURED
RUN,8,2,INTEGRATED,saturation_events,5,0.000,0.000,0.000,0.000,0.000,MEASURED
RUN,8,2,INTEGRATED,discovery_total_us,5,2181973.173,2149611.609,2025861.460,2370158.595,142518.979,MEASURED
RUN,8,4,BASELINE,aggregate_throughput,5,19972113.561,20267479.080,18951268.318,20424665.784,596538.598,MEASURED
RUN,8,4,BASELINE,group_makespan_ms,5,7151.733,7042.309,6988.112,7531.414,220.834,MEASURED
RUN,8,4,BASELINE,runtime_cpu_percent,0,NA,NA,NA,NA,NA,UNAVAILABLE
RUN,8,4,BASELINE,runtime_rss_kb,0,NA,NA,NA,NA,NA,UNAVAILABLE
RUN,8,4,BASELINE,runtime_vms_kb,0,NA,NA,NA,NA,NA,UNAVAILABLE
RUN,8,4,BASELINE,max_queue_depth,0,NA,NA,NA,NA,NA,UNAVAILABLE
RUN,8,4,BASELINE,deferred_jobs,5,0.000,0.000,0.000,0.000,0.000,MEASURED
RUN,8,4,BASELINE,saturation_events,5,0.000,0.000,0.000,0.000,0.000,MEASURED
RUN,8,4,BASELINE,discovery_total_us,0,NA,NA,NA,NA,NA,UNAVAILABLE
RUN,8,4,INTEGRATED,aggregate_throughput,5,18632275.228,18985385.949,17666890.971,19282054.485,733278.153,MEASURED
RUN,8,4,INTEGRATED,group_makespan_ms,5,7670.011,7517.880,7402.212,8078.945,306.709,MEASURED
RUN,8,4,INTEGRATED,runtime_cpu_percent,5,27.206,27.445,25.855,27.737,0.765,MEASURED
RUN,8,4,INTEGRATED,runtime_rss_kb,5,5828.000,5868.000,5668.000,6028.000,147.757,MEASURED
RUN,8,4,INTEGRATED,runtime_vms_kb,5,303108.000,303108.000,303108.000,303108.000,0.000,MEASURED
RUN,8,4,INTEGRATED,max_queue_depth,5,7.000,7.000,7.000,7.000,0.000,MEASURED
RUN,8,4,INTEGRATED,deferred_jobs,5,0.000,0.000,0.000,0.000,0.000,MEASURED
RUN,8,4,INTEGRATED,saturation_events,5,0.000,0.000,0.000,0.000,0.000,MEASURED
RUN,8,4,INTEGRATED,discovery_total_us,5,2286577.540,2323298.334,2156023.481,2383908.388,94152.255,MEASURED
