variant,application_count,phase,metric,count,mean,median,min,max,stddev,status
PHASE4_IN_PROCESS,1,phase4,serial_wait_us,17,243.413,237.176,178.603,352.817,38.898,MEASURED
PHASE4_IN_PROCESS,1,phase4,parent_prepare_us,0,NA,NA,NA,NA,NA,UNAVAILABLE
PHASE4_IN_PROCESS,1,phase4,fork_wait_wall_us,0,NA,NA,NA,NA,NA,UNAVAILABLE
PHASE4_IN_PROCESS,1,phase4,child_profiled_total_us,0,NA,NA,NA,NA,NA,UNAVAILABLE
PHASE4_IN_PROCESS,1,phase4,startup_uninstrumented_residual_us,0,NA,NA,NA,NA,NA,UNAVAILABLE
PHASE4_IN_PROCESS,1,phase4,direct_api_us,17,442.063,422.265,238.030,694.818,125.046,MEASURED
PHASE4_IN_PROCESS,1,phase4,file_io_us,17,636.878,499.779,198.510,3220.324,680.527,MEASURED
PHASE4_IN_PROCESS,1,phase4,result_parse_us,0,NA,NA,NA,NA,NA,UNAVAILABLE
PHASE4_IN_PROCESS,1,phase4,total_phase_us,17,451.175,432.828,243.784,705.014,125.904,MEASURED
PHASE4_IN_PROCESS,1,phase4,pipeline_total_us,17,54887.836,51432.853,40422.633,64550.360,9335.628,MEASURED
PHASE4_IN_PROCESS,1,phase4,pipeline_service_rate_apps_sec,17,63.687,61.967,58.328,74.216,5.317,MEASURED
PHASE4_IN_PROCESS,1,phase4,aggregate_throughput,17,4479531.036,4603217.797,4297272.557,4659410.150,172885.564,MEASURED
PHASE4_IN_PROCESS,1,phase4,runtime_cpu_percent,17,25.449,26.026,23.378,26.988,1.455,MEASURED
PHASE4_IN_PROCESS,1,phase4,completion_latency_us,0,NA,NA,NA,NA,NA,UNAVAILABLE
PHASE4_IN_PROCESS,1,phase5,serial_wait_us,17,243.413,237.176,178.603,352.817,38.898,MEASURED
PHASE4_IN_PROCESS,1,phase5,parent_prepare_us,17,48.079,47.388,30.352,89.095,13.556,MEASURED
PHASE4_IN_PROCESS,1,phase5,fork_wait_wall_us,17,7258.835,6631.776,5099.338,10388.918,1862.292,MEASURED
PHASE4_IN_PROCESS,1,phase5,child_profiled_total_us,17,1763.728,1403.818,1053.694,4268.109,972.301,MEASURED
PHASE4_IN_PROCESS,1,phase5,startup_uninstrumented_residual_us,17,5495.106,4670.954,4045.644,8812.508,1592.034,MEASURED
PHASE4_IN_PROCESS,1,phase5,direct_api_us,0,NA,NA,NA,NA,NA,UNAVAILABLE
PHASE4_IN_PROCESS,1,phase5,file_io_us,0,NA,NA,NA,NA,NA,UNAVAILABLE
PHASE4_IN_PROCESS,1,phase5,result_parse_us,0,NA,NA,NA,NA,NA,UNAVAILABLE
PHASE4_IN_PROCESS,1,phase5,total_phase_us,17,7364.466,6748.132,5171.270,10473.674,1859.956,MEASURED
PHASE4_IN_PROCESS,1,phase5,pipeline_total_us,17,54887.836,51432.853,40422.633,64550.360,9335.628,MEASURED
PHASE4_IN_PROCESS,1,phase5,pipeline_service_rate_apps_sec,17,63.687,61.967,58.328,74.216,5.317,MEASURED
PHASE4_IN_PROCESS,1,phase5,aggregate_throughput,17,4479531.036,4603217.797,4297272.557,4659410.150,172885.564,MEASURED
PHASE4_IN_PROCESS,1,phase5,runtime_cpu_percent,17,25.449,26.026,23.378,26.988,1.455,MEASURED
PHASE4_IN_PROCESS,1,phase5,completion_latency_us,0,NA,NA,NA,NA,NA,UNAVAILABLE
PHASE4_IN_PROCESS,1,phase6,serial_wait_us,17,243.413,237.176,178.603,352.817,38.898,MEASURED
PHASE4_IN_PROCESS,1,phase6,parent_prepare_us,17,51.802,51.920,33.074,84.800,14.762,MEASURED
PHASE4_IN_PROCESS,1,phase6,fork_wait_wall_us,17,6165.461,5338.104,3874.415,9345.330,1696.427,MEASURED
PHASE4_IN_PROCESS,1,phase6,child_profiled_total_us,17,645.127,605.065,473.614,971.035,160.828,MEASURED
PHASE4_IN_PROCESS,1,phase6,startup_uninstrumented_residual_us,17,5520.334,4747.834,3400.801,8498.550,1643.576,MEASURED
PHASE4_IN_PROCESS,1,phase6,direct_api_us,0,NA,NA,NA,NA,NA,UNAVAILABLE
PHASE4_IN_PROCESS,1,phase6,file_io_us,17,206.983,199.949,136.242,315.212,51.964,MEASURED
PHASE4_IN_PROCESS,1,phase6,result_parse_us,17,90.038,84.853,69.700,126.166,15.127,MEASURED
PHASE4_IN_PROCESS,1,phase6,total_phase_us,17,6271.870,5445.843,3977.129,9453.178,1704.592,MEASURED
PHASE4_IN_PROCESS,1,phase6,pipeline_total_us,17,54887.836,51432.853,40422.633,64550.360,9335.628,MEASURED
PHASE4_IN_PROCESS,1,phase6,pipeline_service_rate_apps_sec,17,63.687,61.967,58.328,74.216,5.317,MEASURED
PHASE4_IN_PROCESS,1,phase6,aggregate_throughput,17,4479531.036,4603217.797,4297272.557,4659410.150,172885.564,MEASURED
PHASE4_IN_PROCESS,1,phase6,runtime_cpu_percent,17,25.449,26.026,23.378,26.988,1.455,MEASURED
PHASE4_IN_PROCESS,1,phase6,completion_latency_us,0,NA,NA,NA,NA,NA,UNAVAILABLE
PHASE4_IN_PROCESS,2,phase4,serial_wait_us,41,8133.029,314.981,193.255,21938.342,8546.193,MEASURED
PHASE4_IN_PROCESS,2,phase4,parent_prepare_us,0,NA,NA,NA,NA,NA,UNAVAILABLE
PHASE4_IN_PROCESS,2,phase4,fork_wait_wall_us,0,NA,NA,NA,NA,NA,UNAVAILABLE
PHASE4_IN_PROCESS,2,phase4,child_profiled_total_us,0,NA,NA,NA,NA,NA,UNAVAILABLE
PHASE4_IN_PROCESS,2,phase4,startup_uninstrumented_residual_us,0,NA,NA,NA,NA,NA,UNAVAILABLE
PHASE4_IN_PROCESS,2,phase4,direct_api_us,41,494.229,433.834,218.918,1778.590,263.498,MEASURED
PHASE4_IN_PROCESS,2,phase4,file_io_us,41,539.099,475.207,207.213,3209.179,462.310,MEASURED
PHASE4_IN_PROCESS,2,phase4,result_parse_us,0,NA,NA,NA,NA,NA,UNAVAILABLE
PHASE4_IN_PROCESS,2,phase4,total_phase_us,41,502.965,440.465,224.713,1792.105,265.028,MEASURED
PHASE4_IN_PROCESS,2,phase4,pipeline_total_us,41,134367.178,133125.169,126730.786,147541.688,7081.466,MEASURED
PHASE4_IN_PROCESS,2,phase4,pipeline_service_rate_apps_sec,41,61.328,61.440,54.222,67.042,4.289,MEASURED
PHASE4_IN_PROCESS,2,phase4,aggregate_throughput,41,7545486.573,7488611.324,6878122.662,8126215.384,480526.362,MEASURED
PHASE4_IN_PROCESS,2,phase4,runtime_cpu_percent,41,29.727,29.685,29.396,30.263,0.291,MEASURED
PHASE4_IN_PROCESS,2,phase4,completion_latency_us,0,NA,NA,NA,NA,NA,UNAVAILABLE
PHASE4_IN_PROCESS,2,phase5,serial_wait_us,41,8133.029,314.981,193.255,21938.342,8546.193,MEASURED
PHASE4_IN_PROCESS,2,phase5,parent_prepare_us,41,45.601,46.495,33.367,70.299,10.134,MEASURED
PHASE4_IN_PROCESS,2,phase5,fork_wait_wall_us,41,7692.932,7275.154,4835.639,19496.400,2778.722,MEASURED
PHASE4_IN_PROCESS,2,phase5,child_profiled_total_us,41,1865.143,1460.617,1135.759,10452.804,1525.468,MEASURED
PHASE4_IN_PROCESS,2,phase5,startup_uninstrumented_residual_us,41,5827.789,5539.032,3379.723,9802.722,1811.029,MEASURED
PHASE4_IN_PROCESS,2,phase5,direct_api_us,0,NA,NA,NA,NA,NA,UNAVAILABLE
PHASE4_IN_PROCESS,2,phase5,file_io_us,0,NA,NA,NA,NA,NA,UNAVAILABLE
PHASE4_IN_PROCESS,2,phase5,result_parse_us,0,NA,NA,NA,NA,NA,UNAVAILABLE
PHASE4_IN_PROCESS,2,phase5,total_phase_us,41,7802.889,7376.944,4916.667,19598.861,2785.891,MEASURED
PHASE4_IN_PROCESS,2,phase5,pipeline_total_us,41,134367.178,133125.169,126730.786,147541.688,7081.466,MEASURED
PHASE4_IN_PROCESS,2,phase5,pipeline_service_rate_apps_sec,41,61.328,61.440,54.222,67.042,4.289,MEASURED
PHASE4_IN_PROCESS,2,phase5,aggregate_throughput,41,7545486.573,7488611.324,6878122.662,8126215.384,480526.362,MEASURED
PHASE4_IN_PROCESS,2,phase5,runtime_cpu_percent,41,29.727,29.685,29.396,30.263,0.291,MEASURED
PHASE4_IN_PROCESS,2,phase5,completion_latency_us,0,NA,NA,NA,NA,NA,UNAVAILABLE
PHASE4_IN_PROCESS,2,phase6,serial_wait_us,41,8133.029,314.981,193.255,21938.342,8546.193,MEASURED
PHASE4_IN_PROCESS,2,phase6,parent_prepare_us,41,52.495,51.587,35.970,101.201,14.014,MEASURED
PHASE4_IN_PROCESS,2,phase6,fork_wait_wall_us,41,6574.795,6078.175,4170.802,12571.687,1954.293,MEASURED
PHASE4_IN_PROCESS,2,phase6,child_profiled_total_us,41,766.579,711.463,512.443,1838.017,237.112,MEASURED
PHASE4_IN_PROCESS,2,phase6,startup_uninstrumented_residual_us,41,5808.216,5412.051,3577.097,11675.993,1858.346,MEASURED
PHASE4_IN_PROCESS,2,phase6,direct_api_us,0,NA,NA,NA,NA,NA,UNAVAILABLE
PHASE4_IN_PROCESS,2,phase6,file_io_us,41,210.867,204.372,154.799,336.688,39.259,MEASURED
PHASE4_IN_PROCESS,2,phase6,result_parse_us,41,86.823,82.124,66.095,247.350,28.829,MEASURED
PHASE4_IN_PROCESS,2,phase6,total_phase_us,41,6681.416,6186.475,4253.695,12711.729,1958.725,MEASURED
PHASE4_IN_PROCESS,2,phase6,pipeline_total_us,41,134367.178,133125.169,126730.786,147541.688,7081.466,MEASURED
PHASE4_IN_PROCESS,2,phase6,pipeline_service_rate_apps_sec,41,61.328,61.440,54.222,67.042,4.289,MEASURED
PHASE4_IN_PROCESS,2,phase6,aggregate_throughput,41,7545486.573,7488611.324,6878122.662,8126215.384,480526.362,MEASURED
PHASE4_IN_PROCESS,2,phase6,runtime_cpu_percent,41,29.727,29.685,29.396,30.263,0.291,MEASURED
PHASE4_IN_PROCESS,2,phase6,completion_latency_us,0,NA,NA,NA,NA,NA,UNAVAILABLE
PHASE4_IN_PROCESS,4,phase4,serial_wait_us,98,35596.209,31982.787,194.963,107216.340,28679.843,MEASURED
PHASE4_IN_PROCESS,4,phase4,parent_prepare_us,0,NA,NA,NA,NA,NA,UNAVAILABLE
PHASE4_IN_PROCESS,4,phase4,fork_wait_wall_us,0,NA,NA,NA,NA,NA,UNAVAILABLE
PHASE4_IN_PROCESS,4,phase4,child_profiled_total_us,0,NA,NA,NA,NA,NA,UNAVAILABLE
PHASE4_IN_PROCESS,4,phase4,startup_uninstrumented_residual_us,0,NA,NA,NA,NA,NA,UNAVAILABLE
PHASE4_IN_PROCESS,4,phase4,direct_api_us,98,577.546,493.533,234.432,2817.412,347.243,MEASURED
PHASE4_IN_PROCESS,4,phase4,file_io_us,98,670.942,523.178,281.200,7920.677,840.329,MEASURED
PHASE4_IN_PROCESS,4,phase4,result_parse_us,0,NA,NA,NA,NA,NA,UNAVAILABLE
PHASE4_IN_PROCESS,4,phase4,total_phase_us,98,615.244,504.265,240.596,3273.957,440.997,MEASURED
PHASE4_IN_PROCESS,4,phase4,pipeline_total_us,98,449994.205,441289.897,371092.719,505805.086,46523.489,MEASURED
PHASE4_IN_PROCESS,4,phase4,pipeline_service_rate_apps_sec,98,43.958,45.322,39.541,48.505,3.308,MEASURED
PHASE4_IN_PROCESS,4,phase4,aggregate_throughput,98,12548112.498,12514958.774,12377415.857,12773571.831,130390.323,MEASURED
PHASE4_IN_PROCESS,4,phase4,runtime_cpu_percent,98,33.376,33.325,32.518,34.151,0.546,MEASURED
PHASE4_IN_PROCESS,4,phase4,completion_latency_us,0,NA,NA,NA,NA,NA,UNAVAILABLE
PHASE4_IN_PROCESS,4,phase5,serial_wait_us,98,35596.209,31982.787,194.963,107216.340,28679.843,MEASURED
PHASE4_IN_PROCESS,4,phase5,parent_prepare_us,98,50.748,47.224,33.079,109.207,12.565,MEASURED
PHASE4_IN_PROCESS,4,phase5,fork_wait_wall_us,98,10487.833,9573.907,5075.029,33078.530,4356.594,MEASURED
PHASE4_IN_PROCESS,4,phase5,child_profiled_total_us,98,2585.536,1867.188,1227.190,15019.792,1888.970,MEASURED
PHASE4_IN_PROCESS,4,phase5,startup_uninstrumented_residual_us,98,7902.298,7135.573,3812.880,31384.494,3781.842,MEASURED
PHASE4_IN_PROCESS,4,phase5,direct_api_us,0,NA,NA,NA,NA,NA,UNAVAILABLE
PHASE4_IN_PROCESS,4,phase5,file_io_us,0,NA,NA,NA,NA,NA,UNAVAILABLE
PHASE4_IN_PROCESS,4,phase5,result_parse_us,0,NA,NA,NA,NA,NA,UNAVAILABLE
PHASE4_IN_PROCESS,4,phase5,total_phase_us,98,10599.833,9690.989,5197.174,33189.195,4358.453,MEASURED
PHASE4_IN_PROCESS,4,phase5,pipeline_total_us,98,449994.205,441289.897,371092.719,505805.086,46523.489,MEASURED
PHASE4_IN_PROCESS,4,phase5,pipeline_service_rate_apps_sec,98,43.958,45.322,39.541,48.505,3.308,MEASURED
PHASE4_IN_PROCESS,4,phase5,aggregate_throughput,98,12548112.498,12514958.774,12377415.857,12773571.831,130390.323,MEASURED
PHASE4_IN_PROCESS,4,phase5,runtime_cpu_percent,98,33.376,33.325,32.518,34.151,0.546,MEASURED
PHASE4_IN_PROCESS,4,phase5,completion_latency_us,0,NA,NA,NA,NA,NA,UNAVAILABLE
PHASE4_IN_PROCESS,4,phase6,serial_wait_us,98,35596.209,31982.787,194.963,107216.340,28679.843,MEASURED
PHASE4_IN_PROCESS,4,phase6,parent_prepare_us,98,57.064,55.079,37.270,96.117,10.950,MEASURED
PHASE4_IN_PROCESS,4,phase6,fork_wait_wall_us,98,9775.571,8756.757,4533.190,21704.686,4117.110,MEASURED
PHASE4_IN_PROCESS,4,phase6,child_profiled_total_us,98,1455.206,868.619,521.072,8029.614,1448.160,MEASURED
PHASE4_IN_PROCESS,4,phase6,startup_uninstrumented_residual_us,98,8320.365,7552.379,3943.825,18422.574,3488.700,MEASURED
PHASE4_IN_PROCESS,4,phase6,direct_api_us,0,NA,NA,NA,NA,NA,UNAVAILABLE
PHASE4_IN_PROCESS,4,phase6,file_io_us,98,442.571,224.740,160.856,4633.667,802.635,MEASURED
PHASE4_IN_PROCESS,4,phase6,result_parse_us,98,116.145,85.407,68.646,2815.002,276.259,MEASURED
PHASE4_IN_PROCESS,4,phase6,total_phase_us,98,9898.872,8960.822,4644.816,21819.408,4118.663,MEASURED
PHASE4_IN_PROCESS,4,phase6,pipeline_total_us,98,449994.205,441289.897,371092.719,505805.086,46523.489,MEASURED
PHASE4_IN_PROCESS,4,phase6,pipeline_service_rate_apps_sec,98,43.958,45.322,39.541,48.505,3.308,MEASURED
PHASE4_IN_PROCESS,4,phase6,aggregate_throughput,98,12548112.498,12514958.774,12377415.857,12773571.831,130390.323,MEASURED
PHASE4_IN_PROCESS,4,phase6,runtime_cpu_percent,98,33.376,33.325,32.518,34.151,0.546,MEASURED
PHASE4_IN_PROCESS,4,phase6,completion_latency_us,0,NA,NA,NA,NA,NA,UNAVAILABLE
PHASE4_IN_PROCESS,8,phase4,serial_wait_us,271,126205.613,119332.819,184.080,352266.752,89244.317,MEASURED
PHASE4_IN_PROCESS,8,phase4,parent_prepare_us,0,NA,NA,NA,NA,NA,UNAVAILABLE
PHASE4_IN_PROCESS,8,phase4,fork_wait_wall_us,0,NA,NA,NA,NA,NA,UNAVAILABLE
PHASE4_IN_PROCESS,8,phase4,child_profiled_total_us,0,NA,NA,NA,NA,NA,UNAVAILABLE
PHASE4_IN_PROCESS,8,phase4,startup_uninstrumented_residual_us,0,NA,NA,NA,NA,NA,UNAVAILABLE
PHASE4_IN_PROCESS,8,phase4,direct_api_us,271,892.630,532.999,256.524,13410.036,1564.237,MEASURED
PHASE4_IN_PROCESS,8,phase4,file_io_us,271,875.366,544.663,237.530,13139.022,1572.107,MEASURED
PHASE4_IN_PROCESS,8,phase4,result_parse_us,0,NA,NA,NA,NA,NA,UNAVAILABLE
PHASE4_IN_PROCESS,8,phase4,total_phase_us,271,904.435,541.977,269.938,13422.564,1565.136,MEASURED
PHASE4_IN_PROCESS,8,phase4,pipeline_total_us,271,2023482.853,2065731.321,1844200.639,2093827.126,89572.101,MEASURED
PHASE4_IN_PROCESS,8,phase4,pipeline_service_rate_apps_sec,271,26.857,27.176,25.173,27.700,0.930,MEASURED
PHASE4_IN_PROCESS,8,phase4,aggregate_throughput,271,14114327.387,14210059.909,13604791.590,14564025.612,319486.964,MEASURED
PHASE4_IN_PROCESS,8,phase4,runtime_cpu_percent,271,32.654,32.534,31.627,33.932,0.779,MEASURED
PHASE4_IN_PROCESS,8,phase4,completion_latency_us,0,NA,NA,NA,NA,NA,UNAVAILABLE
PHASE4_IN_PROCESS,8,phase5,serial_wait_us,271,126205.613,119332.819,184.080,352266.752,89244.317,MEASURED
PHASE4_IN_PROCESS,8,phase5,parent_prepare_us,271,63.786,50.380,39.170,2712.966,162.259,MEASURED
PHASE4_IN_PROCESS,8,phase5,fork_wait_wall_us,271,18265.031,16901.787,4874.841,83410.410,7521.163,MEASURED
PHASE4_IN_PROCESS,8,phase5,child_profiled_total_us,271,4450.056,4138.159,1192.222,60384.243,4420.591,MEASURED
PHASE4_IN_PROCESS,8,phase5,startup_uninstrumented_residual_us,271,13814.975,12788.377,3664.300,45827.334,5847.581,MEASURED
PHASE4_IN_PROCESS,8,phase5,direct_api_us,0,NA,NA,NA,NA,NA,UNAVAILABLE
PHASE4_IN_PROCESS,8,phase5,file_io_us,0,NA,NA,NA,NA,NA,UNAVAILABLE
PHASE4_IN_PROCESS,8,phase5,result_parse_us,0,NA,NA,NA,NA,NA,UNAVAILABLE
PHASE4_IN_PROCESS,8,phase5,total_phase_us,271,18432.367,17067.493,6474.437,83517.124,7512.877,MEASURED
PHASE4_IN_PROCESS,8,phase5,pipeline_total_us,271,2023482.853,2065731.321,1844200.639,2093827.126,89572.101,MEASURED
PHASE4_IN_PROCESS,8,phase5,pipeline_service_rate_apps_sec,271,26.857,27.176,25.173,27.700,0.930,MEASURED
PHASE4_IN_PROCESS,8,phase5,aggregate_throughput,271,14114327.387,14210059.909,13604791.590,14564025.612,319486.964,MEASURED
PHASE4_IN_PROCESS,8,phase5,runtime_cpu_percent,271,32.654,32.534,31.627,33.932,0.779,MEASURED
PHASE4_IN_PROCESS,8,phase5,completion_latency_us,0,NA,NA,NA,NA,NA,UNAVAILABLE
PHASE4_IN_PROCESS,8,phase6,serial_wait_us,271,126205.613,119332.819,184.080,352266.752,89244.317,MEASURED
PHASE4_IN_PROCESS,8,phase6,parent_prepare_us,271,84.336,56.153,42.862,6709.191,404.203,MEASURED
PHASE4_IN_PROCESS,8,phase6,fork_wait_wall_us,271,15851.208,15520.538,5362.666,37557.252,5599.036,MEASURED
PHASE4_IN_PROCESS,8,phase6,child_profiled_total_us,271,1485.630,689.337,394.748,10949.638,1799.837,MEASURED
PHASE4_IN_PROCESS,8,phase6,startup_uninstrumented_residual_us,271,14365.578,13850.054,4740.482,36823.683,5561.739,MEASURED
PHASE4_IN_PROCESS,8,phase6,direct_api_us,0,NA,NA,NA,NA,NA,UNAVAILABLE
PHASE4_IN_PROCESS,8,phase6,file_io_us,271,326.412,218.573,168.276,6362.007,663.399,MEASURED
PHASE4_IN_PROCESS,8,phase6,result_parse_us,271,95.191,92.167,57.542,399.285,22.627,MEASURED
PHASE4_IN_PROCESS,8,phase6,total_phase_us,271,16041.151,15681.171,5456.808,37682.081,5631.750,MEASURED
PHASE4_IN_PROCESS,8,phase6,pipeline_total_us,271,2023482.853,2065731.321,1844200.639,2093827.126,89572.101,MEASURED
PHASE4_IN_PROCESS,8,phase6,pipeline_service_rate_apps_sec,271,26.857,27.176,25.173,27.700,0.930,MEASURED
PHASE4_IN_PROCESS,8,phase6,aggregate_throughput,271,14114327.387,14210059.909,13604791.590,14564025.612,319486.964,MEASURED
PHASE4_IN_PROCESS,8,phase6,runtime_cpu_percent,271,32.654,32.534,31.627,33.932,0.779,MEASURED
PHASE4_IN_PROCESS,8,phase6,completion_latency_us,0,NA,NA,NA,NA,NA,UNAVAILABLE
SUBPROCESS_SERIAL_BASELINE,1,phase4,serial_wait_us,15,221.198,220.437,183.479,287.989,27.676,MEASURED
SUBPROCESS_SERIAL_BASELINE,1,phase4,parent_prepare_us,15,63.671,60.548,32.610,115.718,22.592,MEASURED
SUBPROCESS_SERIAL_BASELINE,1,phase4,fork_wait_wall_us,15,4987.635,4559.381,3722.965,7461.180,1082.004,MEASURED
SUBPROCESS_SERIAL_BASELINE,1,phase4,child_profiled_total_us,15,356.896,329.823,247.344,631.757,97.173,MEASURED
SUBPROCESS_SERIAL_BASELINE,1,phase4,startup_uninstrumented_residual_us,15,4630.739,4253.833,3475.621,6829.423,1005.525,MEASURED
SUBPROCESS_SERIAL_BASELINE,1,phase4,direct_api_us,0,NA,NA,NA,NA,NA,UNAVAILABLE
SUBPROCESS_SERIAL_BASELINE,1,phase4,file_io_us,15,457.962,454.801,270.625,653.741,117.561,MEASURED
SUBPROCESS_SERIAL_BASELINE,1,phase4,result_parse_us,0,NA,NA,NA,NA,NA,UNAVAILABLE
SUBPROCESS_SERIAL_BASELINE,1,phase4,total_phase_us,15,5109.198,4722.538,3803.179,7584.530,1092.297,MEASURED
SUBPROCESS_SERIAL_BASELINE,1,phase4,pipeline_total_us,15,53459.130,55720.566,45293.363,61731.299,6140.940,MEASURED
SUBPROCESS_SERIAL_BASELINE,1,phase4,pipeline_service_rate_apps_sec,15,56.829,53.840,48.598,66.235,6.660,MEASURED
SUBPROCESS_SERIAL_BASELINE,1,phase4,aggregate_throughput,15,4859420.438,4847487.208,4642409.358,4997435.845,136139.918,MEASURED
SUBPROCESS_SERIAL_BASELINE,1,phase4,runtime_cpu_percent,15,23.095,23.324,21.694,24.567,1.160,MEASURED
SUBPROCESS_SERIAL_BASELINE,1,phase4,completion_latency_us,0,NA,NA,NA,NA,NA,UNAVAILABLE
SUBPROCESS_SERIAL_BASELINE,1,phase5,serial_wait_us,15,221.198,220.437,183.479,287.989,27.676,MEASURED
SUBPROCESS_SERIAL_BASELINE,1,phase5,parent_prepare_us,15,44.773,40.312,32.601,63.684,9.643,MEASURED
SUBPROCESS_SERIAL_BASELINE,1,phase5,fork_wait_wall_us,15,5518.654,5123.576,4070.219,8614.152,1307.041,MEASURED
SUBPROCESS_SERIAL_BASELINE,1,phase5,child_profiled_total_us,15,1413.132,1191.800,981.385,3177.640,554.886,MEASURED
SUBPROCESS_SERIAL_BASELINE,1,phase5,startup_uninstrumented_residual_us,15,4105.522,3905.260,3088.834,5640.673,826.343,MEASURED
SUBPROCESS_SERIAL_BASELINE,1,phase5,direct_api_us,0,NA,NA,NA,NA,NA,UNAVAILABLE
SUBPROCESS_SERIAL_BASELINE,1,phase5,file_io_us,0,NA,NA,NA,NA,NA,UNAVAILABLE
SUBPROCESS_SERIAL_BASELINE,1,phase5,result_parse_us,0,NA,NA,NA,NA,NA,UNAVAILABLE
SUBPROCESS_SERIAL_BASELINE,1,phase5,total_phase_us,15,5619.566,5239.832,4142.547,8714.439,1311.032,MEASURED
SUBPROCESS_SERIAL_BASELINE,1,phase5,pipeline_total_us,15,53459.130,55720.566,45293.363,61731.299,6140.940,MEASURED
SUBPROCESS_SERIAL_BASELINE,1,phase5,pipeline_service_rate_apps_sec,15,56.829,53.840,48.598,66.235,6.660,MEASURED
SUBPROCESS_SERIAL_BASELINE,1,phase5,aggregate_throughput,15,4859420.438,4847487.208,4642409.358,4997435.845,136139.918,MEASURED
SUBPROCESS_SERIAL_BASELINE,1,phase5,runtime_cpu_percent,15,23.095,23.324,21.694,24.567,1.160,MEASURED
SUBPROCESS_SERIAL_BASELINE,1,phase5,completion_latency_us,0,NA,NA,NA,NA,NA,UNAVAILABLE
SUBPROCESS_SERIAL_BASELINE,1,phase6,serial_wait_us,15,221.198,220.437,183.479,287.989,27.676,MEASURED
SUBPROCESS_SERIAL_BASELINE,1,phase6,parent_prepare_us,15,47.451,47.383,33.112,62.966,9.467,MEASURED
SUBPROCESS_SERIAL_BASELINE,1,phase6,fork_wait_wall_us,15,5496.085,4922.013,3888.196,8044.970,1341.160,MEASURED
SUBPROCESS_SERIAL_BASELINE,1,phase6,child_profiled_total_us,15,692.494,659.352,504.032,1226.620,200.541,MEASURED
SUBPROCESS_SERIAL_BASELINE,1,phase6,startup_uninstrumented_residual_us,15,4803.590,4388.791,3229.389,6818.350,1218.209,MEASURED
SUBPROCESS_SERIAL_BASELINE,1,phase6,direct_api_us,0,NA,NA,NA,NA,NA,UNAVAILABLE
SUBPROCESS_SERIAL_BASELINE,1,phase6,file_io_us,15,199.753,190.914,138.319,274.619,38.065,MEASURED
SUBPROCESS_SERIAL_BASELINE,1,phase6,result_parse_us,15,91.298,77.255,56.590,244.976,45.803,MEASURED
SUBPROCESS_SERIAL_BASELINE,1,phase6,total_phase_us,15,5595.554,5036.663,3970.798,8170.226,1354.010,MEASURED
SUBPROCESS_SERIAL_BASELINE,1,phase6,pipeline_total_us,15,53459.130,55720.566,45293.363,61731.299,6140.940,MEASURED
SUBPROCESS_SERIAL_BASELINE,1,phase6,pipeline_service_rate_apps_sec,15,56.829,53.840,48.598,66.235,6.660,MEASURED
SUBPROCESS_SERIAL_BASELINE,1,phase6,aggregate_throughput,15,4859420.438,4847487.208,4642409.358,4997435.845,136139.918,MEASURED
SUBPROCESS_SERIAL_BASELINE,1,phase6,runtime_cpu_percent,15,23.095,23.324,21.694,24.567,1.160,MEASURED
SUBPROCESS_SERIAL_BASELINE,1,phase6,completion_latency_us,0,NA,NA,NA,NA,NA,UNAVAILABLE
SUBPROCESS_SERIAL_BASELINE,2,phase4,serial_wait_us,30,9358.459,7458.940,157.146,26212.284,9528.714,MEASURED
SUBPROCESS_SERIAL_BASELINE,2,phase4,parent_prepare_us,30,54.090,54.230,35.298,94.942,14.084,MEASURED
SUBPROCESS_SERIAL_BASELINE,2,phase4,fork_wait_wall_us,30,4998.068,4763.434,3423.001,8357.082,1095.508,MEASURED
SUBPROCESS_SERIAL_BASELINE,2,phase4,child_profiled_total_us,30,381.987,336.717,224.035,1020.807,154.605,MEASURED
SUBPROCESS_SERIAL_BASELINE,2,phase4,startup_uninstrumented_residual_us,30,4616.081,4431.892,3185.888,7877.372,1002.983,MEASURED
SUBPROCESS_SERIAL_BASELINE,2,phase4,direct_api_us,0,NA,NA,NA,NA,NA,UNAVAILABLE
SUBPROCESS_SERIAL_BASELINE,2,phase4,file_io_us,30,473.787,455.906,288.070,719.442,113.365,MEASURED
SUBPROCESS_SERIAL_BASELINE,2,phase4,result_parse_us,0,NA,NA,NA,NA,NA,UNAVAILABLE
SUBPROCESS_SERIAL_BASELINE,2,phase4,total_phase_us,30,5131.439,4869.567,3537.237,8490.828,1127.601,MEASURED
SUBPROCESS_SERIAL_BASELINE,2,phase4,pipeline_total_us,30,108081.043,106982.540,91643.309,123929.537,12367.715,MEASURED
SUBPROCESS_SERIAL_BASELINE,2,phase4,pipeline_service_rate_apps_sec,30,56.229,56.084,48.415,65.471,6.487,MEASURED
SUBPROCESS_SERIAL_BASELINE,2,phase4,aggregate_throughput,30,9927039.499,9849866.359,9491567.358,10719526.132,440960.110,MEASURED
SUBPROCESS_SERIAL_BASELINE,2,phase4,runtime_cpu_percent,30,23.790,24.131,21.446,25.887,1.515,MEASURED
SUBPROCESS_SERIAL_BASELINE,2,phase4,completion_latency_us,0,NA,NA,NA,NA,NA,UNAVAILABLE
SUBPROCESS_SERIAL_BASELINE,2,phase5,serial_wait_us,30,9358.459,7458.940,157.146,26212.284,9528.714,MEASURED
SUBPROCESS_SERIAL_BASELINE,2,phase5,parent_prepare_us,30,49.783,49.828,34.333,90.180,11.540,MEASURED
SUBPROCESS_SERIAL_BASELINE,2,phase5,fork_wait_wall_us,30,6024.669,5557.414,4206.862,14980.692,2022.296,MEASURED
SUBPROCESS_SERIAL_BASELINE,2,phase5,child_profiled_total_us,30,1452.532,1340.182,1017.369,2359.797,326.258,MEASURED
SUBPROCESS_SERIAL_BASELINE,2,phase5,startup_uninstrumented_residual_us,30,4572.137,4172.150,3162.510,13318.777,1875.305,MEASURED
SUBPROCESS_SERIAL_BASELINE,2,phase5,direct_api_us,0,NA,NA,NA,NA,NA,UNAVAILABLE
SUBPROCESS_SERIAL_BASELINE,2,phase5,file_io_us,0,NA,NA,NA,NA,NA,UNAVAILABLE
SUBPROCESS_SERIAL_BASELINE,2,phase5,result_parse_us,0,NA,NA,NA,NA,NA,UNAVAILABLE
SUBPROCESS_SERIAL_BASELINE,2,phase5,total_phase_us,30,6128.180,5661.715,4320.900,15088.200,2024.974,MEASURED
SUBPROCESS_SERIAL_BASELINE,2,phase5,pipeline_total_us,30,108081.043,106982.540,91643.309,123929.537,12367.715,MEASURED
SUBPROCESS_SERIAL_BASELINE,2,phase5,pipeline_service_rate_apps_sec,30,56.229,56.084,48.415,65.471,6.487,MEASURED
SUBPROCESS_SERIAL_BASELINE,2,phase5,aggregate_throughput,30,9927039.499,9849866.359,9491567.358,10719526.132,440960.110,MEASURED
SUBPROCESS_SERIAL_BASELINE,2,phase5,runtime_cpu_percent,30,23.790,24.131,21.446,25.887,1.515,MEASURED
SUBPROCESS_SERIAL_BASELINE,2,phase5,completion_latency_us,0,NA,NA,NA,NA,NA,UNAVAILABLE
SUBPROCESS_SERIAL_BASELINE,2,phase6,serial_wait_us,30,9358.459,7458.940,157.146,26212.284,9528.714,MEASURED
SUBPROCESS_SERIAL_BASELINE,2,phase6,parent_prepare_us,30,47.234,46.594,32.285,62.263,8.266,MEASURED
SUBPROCESS_SERIAL_BASELINE,2,phase6,fork_wait_wall_us,30,5319.293,4725.246,4126.129,10621.391,1404.800,MEASURED
SUBPROCESS_SERIAL_BASELINE,2,phase6,child_profiled_total_us,30,709.997,667.724,477.548,1287.185,190.840,MEASURED
SUBPROCESS_SERIAL_BASELINE,2,phase6,startup_uninstrumented_residual_us,30,4609.296,4031.726,3602.424,9684.379,1267.150,MEASURED
SUBPROCESS_SERIAL_BASELINE,2,phase6,direct_api_us,0,NA,NA,NA,NA,NA,UNAVAILABLE
SUBPROCESS_SERIAL_BASELINE,2,phase6,file_io_us,30,197.136,197.260,136.520,250.947,31.817,MEASURED
SUBPROCESS_SERIAL_BASELINE,2,phase6,result_parse_us,30,83.469,81.201,64.266,124.137,15.383,MEASURED
SUBPROCESS_SERIAL_BASELINE,2,phase6,total_phase_us,30,5423.886,4829.426,4218.660,10733.514,1410.250,MEASURED
SUBPROCESS_SERIAL_BASELINE,2,phase6,pipeline_total_us,30,108081.043,106982.540,91643.309,123929.537,12367.715,MEASURED
SUBPROCESS_SERIAL_BASELINE,2,phase6,pipeline_service_rate_apps_sec,30,56.229,56.084,48.415,65.471,6.487,MEASURED
SUBPROCESS_SERIAL_BASELINE,2,phase6,aggregate_throughput,30,9927039.499,9849866.359,9491567.358,10719526.132,440960.110,MEASURED
SUBPROCESS_SERIAL_BASELINE,2,phase6,runtime_cpu_percent,30,23.790,24.131,21.446,25.887,1.515,MEASURED
SUBPROCESS_SERIAL_BASELINE,2,phase6,completion_latency_us,0,NA,NA,NA,NA,NA,UNAVAILABLE
SUBPROCESS_SERIAL_BASELINE,4,phase4,serial_wait_us,71,31369.024,23718.076,202.050,78483.471,25996.560,MEASURED
SUBPROCESS_SERIAL_BASELINE,4,phase4,parent_prepare_us,71,57.806,55.299,36.930,137.499,12.109,MEASURED
SUBPROCESS_SERIAL_BASELINE,4,phase4,fork_wait_wall_us,71,6512.645,5780.775,3823.892,14007.610,2240.176,MEASURED
SUBPROCESS_SERIAL_BASELINE,4,phase4,child_profiled_total_us,71,482.122,431.233,261.883,993.477,163.004,MEASURED
SUBPROCESS_SERIAL_BASELINE,4,phase4,startup_uninstrumented_residual_us,71,6030.523,5307.309,3401.344,13014.133,2161.170,MEASURED
SUBPROCESS_SERIAL_BASELINE,4,phase4,direct_api_us,0,NA,NA,NA,NA,NA,UNAVAILABLE
SUBPROCESS_SERIAL_BASELINE,4,phase4,file_io_us,71,599.148,592.626,310.833,1068.631,162.607,MEASURED
SUBPROCESS_SERIAL_BASELINE,4,phase4,result_parse_us,0,NA,NA,NA,NA,NA,UNAVAILABLE
SUBPROCESS_SERIAL_BASELINE,4,phase4,total_phase_us,71,6631.977,5892.744,3930.078,14119.811,2242.586,MEASURED
SUBPROCESS_SERIAL_BASELINE,4,phase4,pipeline_total_us,71,318846.318,315700.355,295122.751,347347.346,16802.838,MEASURED
SUBPROCESS_SERIAL_BASELINE,4,phase4,pipeline_service_rate_apps_sec,71,44.684,44.524,40.305,47.438,2.494,MEASURED
SUBPROCESS_SERIAL_BASELINE,4,phase4,aggregate_throughput,71,16049095.722,16004992.973,15651432.803,16439157.677,260301.160,MEASURED
SUBPROCESS_SERIAL_BASELINE,4,phase4,runtime_cpu_percent,71,29.879,29.350,28.811,32.179,1.212,MEASURED
SUBPROCESS_SERIAL_BASELINE,4,phase4,completion_latency_us,0,NA,NA,NA,NA,NA,UNAVAILABLE
SUBPROCESS_SERIAL_BASELINE,4,phase5,serial_wait_us,71,31369.024,23718.076,202.050,78483.471,25996.560,MEASURED
SUBPROCESS_SERIAL_BASELINE,4,phase5,parent_prepare_us,71,54.835,52.915,35.835,90.543,9.226,MEASURED
SUBPROCESS_SERIAL_BASELINE,4,phase5,fork_wait_wall_us,71,7319.328,6949.505,4745.342,14768.725,1759.753,MEASURED
SUBPROCESS_SERIAL_BASELINE,4,phase5,child_profiled_total_us,71,1867.159,1765.552,1218.827,4995.585,607.489,MEASURED
SUBPROCESS_SERIAL_BASELINE,4,phase5,startup_uninstrumented_residual_us,71,5452.170,5180.933,3526.515,9773.140,1348.683,MEASURED
SUBPROCESS_SERIAL_BASELINE,4,phase5,direct_api_us,0,NA,NA,NA,NA,NA,UNAVAILABLE
SUBPROCESS_SERIAL_BASELINE,4,phase5,file_io_us,0,NA,NA,NA,NA,NA,UNAVAILABLE
SUBPROCESS_SERIAL_BASELINE,4,phase5,result_parse_us,0,NA,NA,NA,NA,NA,UNAVAILABLE
SUBPROCESS_SERIAL_BASELINE,4,phase5,total_phase_us,71,7436.080,7060.745,4862.622,14884.030,1763.146,MEASURED
SUBPROCESS_SERIAL_BASELINE,4,phase5,pipeline_total_us,71,318846.318,315700.355,295122.751,347347.346,16802.838,MEASURED
SUBPROCESS_SERIAL_BASELINE,4,phase5,pipeline_service_rate_apps_sec,71,44.684,44.524,40.305,47.438,2.494,MEASURED
SUBPROCESS_SERIAL_BASELINE,4,phase5,aggregate_throughput,71,16049095.722,16004992.973,15651432.803,16439157.677,260301.160,MEASURED
SUBPROCESS_SERIAL_BASELINE,4,phase5,runtime_cpu_percent,71,29.879,29.350,28.811,32.179,1.212,MEASURED
SUBPROCESS_SERIAL_BASELINE,4,phase5,completion_latency_us,0,NA,NA,NA,NA,NA,UNAVAILABLE
SUBPROCESS_SERIAL_BASELINE,4,phase6,serial_wait_us,71,31369.024,23718.076,202.050,78483.471,25996.560,MEASURED
SUBPROCESS_SERIAL_BASELINE,4,phase6,parent_prepare_us,71,57.021,53.191,38.626,188.800,19.062,MEASURED
SUBPROCESS_SERIAL_BASELINE,4,phase6,fork_wait_wall_us,71,6815.241,6487.669,4364.998,12393.702,1532.502,MEASURED
SUBPROCESS_SERIAL_BASELINE,4,phase6,child_profiled_total_us,71,949.854,891.816,618.853,2582.466,318.014,MEASURED
SUBPROCESS_SERIAL_BASELINE,4,phase6,startup_uninstrumented_residual_us,71,5865.386,5517.448,3732.735,11614.584,1479.914,MEASURED
SUBPROCESS_SERIAL_BASELINE,4,phase6,direct_api_us,0,NA,NA,NA,NA,NA,UNAVAILABLE
SUBPROCESS_SERIAL_BASELINE,4,phase6,file_io_us,71,229.298,221.729,168.076,462.619,44.672,MEASURED
SUBPROCESS_SERIAL_BASELINE,4,phase6,result_parse_us,71,92.863,87.300,65.205,200.411,21.880,MEASURED
SUBPROCESS_SERIAL_BASELINE,4,phase6,total_phase_us,71,6932.610,6617.973,4465.283,12502.958,1544.671,MEASURED
SUBPROCESS_SERIAL_BASELINE,4,phase6,pipeline_total_us,71,318846.318,315700.355,295122.751,347347.346,16802.838,MEASURED
SUBPROCESS_SERIAL_BASELINE,4,phase6,pipeline_service_rate_apps_sec,71,44.684,44.524,40.305,47.438,2.494,MEASURED
SUBPROCESS_SERIAL_BASELINE,4,phase6,aggregate_throughput,71,16049095.722,16004992.973,15651432.803,16439157.677,260301.160,MEASURED
SUBPROCESS_SERIAL_BASELINE,4,phase6,runtime_cpu_percent,71,29.879,29.350,28.811,32.179,1.212,MEASURED
SUBPROCESS_SERIAL_BASELINE,4,phase6,completion_latency_us,0,NA,NA,NA,NA,NA,UNAVAILABLE
SUBPROCESS_SERIAL_BASELINE,8,phase4,serial_wait_us,194,150745.295,142114.568,219.000,364452.567,103631.273,MEASURED
SUBPROCESS_SERIAL_BASELINE,8,phase4,parent_prepare_us,194,61.167,56.942,44.942,113.774,12.476,MEASURED
SUBPROCESS_SERIAL_BASELINE,8,phase4,fork_wait_wall_us,194,12491.445,13025.396,5010.894,24124.056,3571.700,MEASURED
SUBPROCESS_SERIAL_BASELINE,8,phase4,child_profiled_total_us,194,855.815,515.551,268.446,6431.947,1069.571,MEASURED
SUBPROCESS_SERIAL_BASELINE,8,phase4,startup_uninstrumented_residual_us,194,11635.630,12331.562,4739.958,21572.495,3450.469,MEASURED
SUBPROCESS_SERIAL_BASELINE,8,phase4,direct_api_us,0,NA,NA,NA,NA,NA,UNAVAILABLE
SUBPROCESS_SERIAL_BASELINE,8,phase4,file_io_us,194,701.931,596.609,327.879,6894.324,633.553,MEASURED
SUBPROCESS_SERIAL_BASELINE,8,phase4,result_parse_us,0,NA,NA,NA,NA,NA,UNAVAILABLE
SUBPROCESS_SERIAL_BASELINE,8,phase4,total_phase_us,194,12621.685,13162.783,5115.822,24244.932,3577.352,MEASURED
SUBPROCESS_SERIAL_BASELINE,8,phase4,pipeline_total_us,194,1646766.984,1621082.926,1491941.201,1827283.821,117097.645,MEASURED
SUBPROCESS_SERIAL_BASELINE,8,phase4,pipeline_service_rate_apps_sec,194,23.675,23.441,21.343,26.140,1.555,MEASURED
SUBPROCESS_SERIAL_BASELINE,8,phase4,aggregate_throughput,194,19101016.752,18857729.581,18729829.498,19646778.627,386880.731,MEASURED
SUBPROCESS_SERIAL_BASELINE,8,phase4,runtime_cpu_percent,194,30.836,30.785,29.651,31.931,0.806,MEASURED
SUBPROCESS_SERIAL_BASELINE,8,phase4,completion_latency_us,0,NA,NA,NA,NA,NA,UNAVAILABLE
SUBPROCESS_SERIAL_BASELINE,8,phase5,serial_wait_us,194,150745.295,142114.568,219.000,364452.567,103631.273,MEASURED
SUBPROCESS_SERIAL_BASELINE,8,phase5,parent_prepare_us,194,56.423,53.127,42.146,256.027,16.074,MEASURED
SUBPROCESS_SERIAL_BASELINE,8,phase5,fork_wait_wall_us,194,14907.934,15573.673,6708.357,32663.813,4230.041,MEASURED
SUBPROCESS_SERIAL_BASELINE,8,phase5,child_profiled_total_us,194,4151.928,4627.717,1449.350,11103.136,1939.077,MEASURED
SUBPROCESS_SERIAL_BASELINE,8,phase5,startup_uninstrumented_residual_us,194,10756.006,10874.742,4767.538,24088.791,3350.854,MEASURED
SUBPROCESS_SERIAL_BASELINE,8,phase5,direct_api_us,0,NA,NA,NA,NA,NA,UNAVAILABLE
SUBPROCESS_SERIAL_BASELINE,8,phase5,file_io_us,0,NA,NA,NA,NA,NA,UNAVAILABLE
SUBPROCESS_SERIAL_BASELINE,8,phase5,result_parse_us,0,NA,NA,NA,NA,NA,UNAVAILABLE
SUBPROCESS_SERIAL_BASELINE,8,phase5,total_phase_us,194,15031.361,15736.329,6812.257,32877.068,4236.301,MEASURED
SUBPROCESS_SERIAL_BASELINE,8,phase5,pipeline_total_us,194,1646766.984,1621082.926,1491941.201,1827283.821,117097.645,MEASURED
SUBPROCESS_SERIAL_BASELINE,8,phase5,pipeline_service_rate_apps_sec,194,23.675,23.441,21.343,26.140,1.555,MEASURED
SUBPROCESS_SERIAL_BASELINE,8,phase5,aggregate_throughput,194,19101016.752,18857729.581,18729829.498,19646778.627,386880.731,MEASURED
SUBPROCESS_SERIAL_BASELINE,8,phase5,runtime_cpu_percent,194,30.836,30.785,29.651,31.931,0.806,MEASURED
SUBPROCESS_SERIAL_BASELINE,8,phase5,completion_latency_us,0,NA,NA,NA,NA,NA,UNAVAILABLE
SUBPROCESS_SERIAL_BASELINE,8,phase6,serial_wait_us,194,150745.295,142114.568,219.000,364452.567,103631.273,MEASURED
SUBPROCESS_SERIAL_BASELINE,8,phase6,parent_prepare_us,194,58.433,55.044,47.025,195.832,14.432,MEASURED
SUBPROCESS_SERIAL_BASELINE,8,phase6,fork_wait_wall_us,194,13061.957,13925.288,5687.985,24598.204,3824.201,MEASURED
SUBPROCESS_SERIAL_BASELINE,8,phase6,child_profiled_total_us,194,1628.990,826.761,613.782,4798.237,1343.537,MEASURED
SUBPROCESS_SERIAL_BASELINE,8,phase6,startup_uninstrumented_residual_us,194,11432.967,11919.852,4951.880,23715.464,3546.485,MEASURED
SUBPROCESS_SERIAL_BASELINE,8,phase6,direct_api_us,0,NA,NA,NA,NA,NA,UNAVAILABLE
SUBPROCESS_SERIAL_BASELINE,8,phase6,file_io_us,194,264.396,230.276,188.447,5018.323,346.467,MEASURED
SUBPROCESS_SERIAL_BASELINE,8,phase6,result_parse_us,194,103.723,95.933,79.218,929.852,62.088,MEASURED
SUBPROCESS_SERIAL_BASELINE,8,phase6,total_phase_us,194,13193.302,14103.888,5800.688,24727.370,3830.880,MEASURED
SUBPROCESS_SERIAL_BASELINE,8,phase6,pipeline_total_us,194,1646766.984,1621082.926,1491941.201,1827283.821,117097.645,MEASURED
SUBPROCESS_SERIAL_BASELINE,8,phase6,pipeline_service_rate_apps_sec,194,23.675,23.441,21.343,26.140,1.555,MEASURED
SUBPROCESS_SERIAL_BASELINE,8,phase6,aggregate_throughput,194,19101016.752,18857729.581,18729829.498,19646778.627,386880.731,MEASURED
SUBPROCESS_SERIAL_BASELINE,8,phase6,runtime_cpu_percent,194,30.836,30.785,29.651,31.931,0.806,MEASURED
SUBPROCESS_SERIAL_BASELINE,8,phase6,completion_latency_us,0,NA,NA,NA,NA,NA,UNAVAILABLE
