run_id,variant,run_type,run_index,application_count,worker_count,pipeline_total_us,pipeline_service_rate_apps_sec,aggregate_throughput,runtime_cpu_percent,runtime_rss_kb,runtime_vms_kb,status,notes
phase56-SUBPROCESS_SERIAL_BASELINE-a1-warmup-1,SUBPROCESS_SERIAL_BASELINE,WARMUP,1,1,2,49694.668,60.369,4914561.727,22.197,6108.000,156820.000,MEASURED,
phase56-SUBPROCESS_SERIAL_BASELINE-a1-warmup-2,SUBPROCESS_SERIAL_BASELINE,WARMUP,2,1,2,57047.737,52.588,4897662.715,23.466,5964.000,156812.000,MEASURED,Error: target PID 265818 is unavailable for one sample.
phase56-SUBPROCESS_SERIAL_BASELINE-a1-warmup-3,SUBPROCESS_SERIAL_BASELINE,WARMUP,3,1,2,56520.999,53.078,4915029.340,23.662,6028.000,156812.000,MEASURED,
phase56-SUBPROCESS_SERIAL_BASELINE-a1-measured-4,SUBPROCESS_SERIAL_BASELINE,MEASURED,4,1,2,61205.064,49.016,4908136.160,23.321,5900.000,156784.000,MEASURED,
phase56-SUBPROCESS_SERIAL_BASELINE-a1-measured-5,SUBPROCESS_SERIAL_BASELINE,MEASURED,5,1,2,49869.225,60.157,5009727.954,20.870,6188.000,156812.000,MEASURED,Error: target PID 265861 is unavailable for one sample.
phase56-SUBPROCESS_SERIAL_BASELINE-a1-measured-6,SUBPROCESS_SERIAL_BASELINE,MEASURED,6,1,2,46683.193,64.263,5667761.371,19.045,6120.000,156812.000,MEASURED,Error: target PID 265876 is unavailable for one sample.
phase56-SUBPROCESS_SERIAL_BASELINE-a1-measured-7,SUBPROCESS_SERIAL_BASELINE,MEASURED,7,1,2,43678.255,68.684,5782866.004,19.704,6092.000,156812.000,MEASURED,
phase56-SUBPROCESS_SERIAL_BASELINE-a1-measured-8,SUBPROCESS_SERIAL_BASELINE,MEASURED,8,1,2,50596.388,59.293,5726811.917,19.287,6040.000,156812.000,MEASURED,
phase56-SUBPROCESS_SERIAL_BASELINE-a2-warmup-1,SUBPROCESS_SERIAL_BASELINE,WARMUP,1,2,2,90336.990,66.418,10712148.298,21.780,6156.000,156792.000,MEASURED,Error: target PID 265918 is unavailable for one sample.
phase56-SUBPROCESS_SERIAL_BASELINE-a2-warmup-2,SUBPROCESS_SERIAL_BASELINE,WARMUP,2,2,2,107180.924,55.980,9816518.786,24.715,6032.000,156820.000,MEASURED,"Error: target PID 265944 is unavailable for one sample.
Error: target PID 265945 is unavailable for one sample."
phase56-SUBPROCESS_SERIAL_BASELINE-a2-warmup-3,SUBPROCESS_SERIAL_BASELINE,WARMUP,3,2,2,103474.802,57.985,9463855.606,25.767,6304.000,156792.000,MEASURED,"Error: target PID 265970 is unavailable for one sample.
Error: target PID 265971 is unavailable for one sample."
phase56-SUBPROCESS_SERIAL_BASELINE-a2-measured-4,SUBPROCESS_SERIAL_BASELINE,MEASURED,4,2,2,122689.421,48.904,9245168.825,25.023,6320.000,156820.000,MEASURED,"Error: target PID 265995 is unavailable for one sample.
Error: target PID 265996 is unavailable for one sample."
phase56-SUBPROCESS_SERIAL_BASELINE-a2-measured-5,SUBPROCESS_SERIAL_BASELINE,MEASURED,5,2,2,106497.603,56.339,9420042.266,25.184,5872.000,156792.000,MEASURED,Error: target PID 266023 is unavailable for one sample.
phase56-SUBPROCESS_SERIAL_BASELINE-a2-measured-6,SUBPROCESS_SERIAL_BASELINE,MEASURED,6,2,2,119705.320,50.123,9581833.651,25.973,6152.000,156792.000,MEASURED,Error: target PID 266048 is unavailable for one sample.
phase56-SUBPROCESS_SERIAL_BASELINE-a2-measured-7,SUBPROCESS_SERIAL_BASELINE,MEASURED,7,2,2,122702.570,48.899,9710985.205,25.308,6224.000,156792.000,MEASURED,Error: target PID 266072 is unavailable for one sample.
phase56-SUBPROCESS_SERIAL_BASELINE-a2-measured-8,SUBPROCESS_SERIAL_BASELINE,MEASURED,8,2,2,106061.519,56.571,9273730.740,25.927,6148.000,156792.000,MEASURED,Error: target PID 266097 is unavailable for one sample.
phase56-SUBPROCESS_SERIAL_BASELINE-a4-warmup-1,SUBPROCESS_SERIAL_BASELINE,WARMUP,1,4,2,408474.438,39.170,15827093.110,28.883,6084.000,156808.000,MEASURED,
phase56-SUBPROCESS_SERIAL_BASELINE-a4-warmup-2,SUBPROCESS_SERIAL_BASELINE,WARMUP,2,4,2,396356.641,40.368,14091327.077,30.225,6172.000,156808.000,MEASURED,"Error: target PID 266188 is unavailable for one sample.
Error: target PID 266186 is unavailable for one sample."
phase56-SUBPROCESS_SERIAL_BASELINE-a4-warmup-3,SUBPROCESS_SERIAL_BASELINE,WARMUP,3,4,2,346246.035,46.210,15058240.965,30.513,6276.000,156808.000,MEASURED,"Error: target PID 266260 is unavailable for one sample.
Error: target PID 266262 is unavailable for one sample."
phase56-SUBPROCESS_SERIAL_BASELINE-a4-measured-4,SUBPROCESS_SERIAL_BASELINE,MEASURED,4,4,2,368130.589,43.463,14870985.670,30.922,6340.000,156808.000,MEASURED,"Error: target PID 266320 is unavailable for one sample.
Error: target PID 266321 is unavailable for one sample."
phase56-SUBPROCESS_SERIAL_BASELINE-a4-measured-5,SUBPROCESS_SERIAL_BASELINE,MEASURED,5,4,2,463455.214,34.523,14791356.209,29.986,5940.000,156808.000,MEASURED,"Error: target PID 266380 is unavailable for one sample.
Error: target PID 266378 is unavailable for one sample.
Error: target PID 266379 is unavailable for one sample."
phase56-SUBPROCESS_SERIAL_BASELINE-a4-measured-6,SUBPROCESS_SERIAL_BASELINE,MEASURED,6,4,2,372815.665,40.234,14183202.327,29.271,6004.000,156808.000,MEASURED,"Error: target PID 266438 is unavailable for one sample.
Error: target PID 266440 is unavailable for one sample.
Error: target PID 266437 is unavailable for one sample."
phase56-SUBPROCESS_SERIAL_BASELINE-a4-measured-7,SUBPROCESS_SERIAL_BASELINE,MEASURED,7,4,2,417310.770,38.341,15163269.999,29.841,6244.000,156808.000,MEASURED,"Error: target PID 266496 is unavailable for one sample.
Error: target PID 266497 is unavailable for one sample."
phase56-SUBPROCESS_SERIAL_BASELINE-a4-measured-8,SUBPROCESS_SERIAL_BASELINE,MEASURED,8,4,2,438192.764,36.514,14493786.050,30.081,6044.000,156808.000,MEASURED,"Error: target PID 266556 is unavailable for one sample.
Error: target PID 266557 is unavailable for one sample.
Error: target PID 266559 is unavailable for one sample."
phase56-SUBPROCESS_SERIAL_BASELINE-a8-warmup-1,SUBPROCESS_SERIAL_BASELINE,WARMUP,1,8,2,2238660.729,18.761,16571095.611,30.506,6180.000,156844.000,MEASURED,"Error: target PID 266617 is unavailable for one sample.
Error: target PID 266622 is unavailable for one sample.
Error: target PID 266619 is unavailable for one sample."
phase56-SUBPROCESS_SERIAL_BASELINE-a8-warmup-2,SUBPROCESS_SERIAL_BASELINE,WARMUP,2,8,2,2446784.313,20.435,14789960.659,28.783,6152.000,156844.000,MEASURED,"Error: target PID 266784 is unavailable for one sample.
Error: target PID 266781 is unavailable for one sample.
Error: target PID 266779 is unavailable for one sample.
Error: target PID 266783 is unavailable for one sample."
phase56-SUBPROCESS_SERIAL_BASELINE-a8-warmup-3,SUBPROCESS_SERIAL_BASELINE,WARMUP,3,8,2,2506238.613,19.551,14715926.738,30.339,6240.000,156844.000,MEASURED,"Error: target PID 266963 is unavailable for one sample.
Error: target PID 266959 is unavailable for one sample.
Error: target PID 266965 is unavailable for one sample.
Error: target PID 266962 is unavailable for one sample.
Error: target PID 266958 is unavailable for one sample."
phase56-SUBPROCESS_SERIAL_BASELINE-a8-measured-4,SUBPROCESS_SERIAL_BASELINE,MEASURED,4,8,2,2033623.914,20.161,17358756.647,29.059,6260.000,156844.000,MEASURED,"Error: target PID 267128 is unavailable for one sample.
Error: target PID 267135 is unavailable for one sample.
Error: target PID 267130 is unavailable for one sample.
Error: target PID 267136 is unavailable for one sample."
phase56-SUBPROCESS_SERIAL_BASELINE-a8-measured-5,SUBPROCESS_SERIAL_BASELINE,MEASURED,5,8,2,2235332.842,19.684,16940091.739,29.977,6292.000,156852.000,MEASURED,"Error: target PID 267289 is unavailable for one sample.
Error: target PID 267288 is unavailable for one sample.
Error: target PID 267287 is unavailable for one sample."
phase56-SUBPROCESS_SERIAL_BASELINE-a8-measured-6,SUBPROCESS_SERIAL_BASELINE,MEASURED,6,8,2,2081755.872,19.215,17733262.779,30.960,6160.000,156844.000,MEASURED,"Error: target PID 267434 is unavailable for one sample.
Error: target PID 267436 is unavailable for one sample.
Error: target PID 267439 is unavailable for one sample."
phase56-SUBPROCESS_SERIAL_BASELINE-a8-measured-7,SUBPROCESS_SERIAL_BASELINE,MEASURED,7,8,2,2205033.072,20.861,16849077.298,30.799,6316.000,156844.000,MEASURED,"Error: target PID 267578 is unavailable for one sample.
Error: target PID 267574 is unavailable for one sample."
phase56-SUBPROCESS_SERIAL_BASELINE-a8-measured-8,SUBPROCESS_SERIAL_BASELINE,MEASURED,8,8,2,2010988.842,19.891,17952649.307,31.242,6296.000,156844.000,MEASURED,"Error: target PID 267734 is unavailable for one sample.
Error: target PID 267732 is unavailable for one sample."
